{"type":"FeatureCollection","licence":"Data © OpenStreetMap contributors, ODbL 1.0. http://osm.org/copyright","features":[{"type":"Feature","properties":{"place_id":36181862,"osm_type":"relation","osm_id":8064033,"place_rank":17,"category":"place","type":"island","importance":0.6959150905579522,"addresstype":"island","name":"La Réunion","display_name":"La Réunion, France"},"bbox":[55.2164268,-21.3897087,55.8366924,-20.8717411],"geometry":{"type":"Polygon","coordinates":[[[55.2164268,-21.0390355],[55.2164309,-21.0391074],[55.2164548,-21.0392951],[55.2164888,-21.0395938],[55.2167597,-21.040676],[55.2171042,-21.042021],[55.2174604,-21.0428338],[55.2175916,-21.0431669],[55.2177807,-21.0437578],[55.2178948,-21.0440457],[55.2180709,-21.0443638],[55.2191925,-21.0461874],[55.2194877,-21.0467313],[55.219792,-21.0474152],[55.220056,-21.0479531],[55.2206104,-21.048769],[55.2207304,-21.0489979],[55.2209437,-21.0495689],[55.2210567,-21.0498169],[55.2210697,-21.0498449],[55.2211799,-21.0500408],[55.2213388,-21.0502408],[55.22156,-21.0504876],[55.2218633,-21.0507833],[55.2218523,-21.0508471],[55.2218702,-21.0508834],[55.221915,-21.050868],[55.2219612,-21.0508315],[55.2221542,-21.0510175],[55.2228165,-21.0519924],[55.2229806,-21.0521853],[55.2230175,-21.0522284],[55.2232808,-21.0525281],[55.2233857,-21.0527332],[55.2234458,-21.0528172],[55.2235559,-21.0528831],[55.2236399,-21.0529791],[55.2236289,-21.0531084],[55.2235656,-21.0531373],[55.2235348,-21.0531947],[55.223622,-21.0532087],[55.2236747,-21.0531769],[55.223784,-21.0532831],[55.223833,-21.0533651],[55.2239111,-21.0535501],[55.2239431,-21.053728],[55.2239637,-21.0538845],[55.2239615,-21.0540179],[55.2239523,-21.0541745],[55.2238875,-21.0543876],[55.2237948,-21.0545701],[55.2236123,-21.0548852],[55.2234615,-21.0550365],[55.2232772,-21.0550524],[55.2225803,-21.0548056],[55.2223765,-21.0547146],[55.222198,-21.054635],[55.222014,-21.0545547],[55.2219995,-21.0555222],[55.2225697,-21.0557494],[55.2225116,-21.0560023],[55.2224627,-21.0561835],[55.2221759,-21.0570934],[55.2220029,-21.0575144],[55.221837,-21.0578545],[55.2217991,-21.0580035],[55.2217603,-21.0583795],[55.2217444,-21.0589475],[55.2217365,-21.0595445],[55.2216907,-21.060527],[55.2216386,-21.0607848],[55.2215748,-21.061188],[55.2216061,-21.0615625],[55.2215838,-21.061862],[55.2215894,-21.062147],[55.2215778,-21.06245],[55.2215534,-21.0627255],[55.2215315,-21.0629884],[55.2215405,-21.0631614],[55.2215157,-21.0635694],[55.2214028,-21.0641845],[55.2213459,-21.0644094],[55.2212531,-21.0650475],[55.2211324,-21.0657235],[55.2211053,-21.0659675],[55.2210443,-21.0662815],[55.2210225,-21.0666085],[55.2209556,-21.0670085],[55.2209446,-21.0671405],[55.2208378,-21.0674915],[55.2207648,-21.0676756],[55.2206419,-21.0682216],[55.22062,-21.0685496],[55.2205858,-21.0687747],[55.2205823,-21.06894],[55.2205008,-21.0692218],[55.2204544,-21.0697656],[55.2203697,-21.0706566],[55.2203287,-21.0709286],[55.2202517,-21.0711837],[55.2202188,-21.0714526],[55.2202541,-21.0723517],[55.2202576,-21.0726257],[55.2202563,-21.072952],[55.2202344,-21.0730721],[55.2202613,-21.0733805],[55.2203238,-21.0738629],[55.2202741,-21.0742465],[55.2204189,-21.0749069],[55.2204279,-21.0751724],[55.220406,-21.0754511],[55.2205036,-21.0761816],[55.2205645,-21.0765358],[55.2206409,-21.0770158],[55.2207501,-21.0774035],[55.2209828,-21.0780893],[55.2214101,-21.0789601],[55.2219406,-21.0795881],[55.2224671,-21.0802057],[55.2230458,-21.0810128],[55.2236941,-21.0818326],[55.2238712,-21.0819916],[55.2241261,-21.0823318],[55.22481,-21.0829958],[55.2253209,-21.08343],[55.2256009,-21.083668],[55.2257325,-21.0837881],[55.2258642,-21.0839101],[55.2259118,-21.0839727],[55.2260952,-21.0842877],[55.2263846,-21.0845242],[55.2264735,-21.0845954],[55.2265664,-21.084693],[55.2266293,-21.0847997],[55.226772,-21.0850316],[55.2268933,-21.0853703],[55.2270019,-21.0857642],[55.227119,-21.0859196],[55.2271623,-21.0860866],[55.2273228,-21.0863163],[55.2275093,-21.0867045],[55.2278054,-21.0873096],[55.2279347,-21.0875117],[55.228137,-21.0876511],[55.2283703,-21.0879552],[55.2286944,-21.0882802],[55.2287734,-21.0883822],[55.2287885,-21.0884011],[55.2288735,-21.0884871],[55.2289555,-21.0885701],[55.2290416,-21.0886761],[55.2293537,-21.089212],[55.2297109,-21.0897719],[55.2301841,-21.0903837],[55.2305614,-21.0909707],[55.2306753,-21.0911466],[55.2308065,-21.0913027],[55.2309865,-21.0915165],[55.2309985,-21.0915296],[55.2312697,-21.0918085],[55.2313977,-21.0919164],[55.2315529,-21.0920203],[55.2317359,-21.0921443],[55.2321569,-21.0924723],[55.2324671,-21.0927131],[55.23255,-21.0927851],[55.2328201,-21.093021],[55.2331218,-21.0933225],[55.2333143,-21.09352],[55.2335495,-21.0937334],[55.233642,-21.0938424],[55.2340596,-21.0942617],[55.2341597,-21.0943707],[55.2345368,-21.0946936],[55.2348309,-21.0949255],[55.235296,-21.0952585],[55.2356682,-21.0954923],[55.2360612,-21.0957612],[55.2364505,-21.0959921],[55.2367755,-21.096282],[55.2372537,-21.0966879],[55.2375707,-21.0969888],[55.2378308,-21.0972138],[55.2391292,-21.0982194],[55.2392172,-21.0982873],[55.2394243,-21.0984313],[55.2397814,-21.0986512],[55.2403956,-21.099126],[55.2408156,-21.099398],[55.2419631,-21.1002046],[55.2426752,-21.1006304],[55.2433234,-21.1010893],[55.2439056,-21.1015261],[55.2440437,-21.1016071],[55.2443327,-21.1017089],[55.2446674,-21.1018739],[55.2449103,-21.1020071],[55.2454139,-21.1022677],[55.245544,-21.1023346],[55.2456451,-21.1023977],[55.24585,-21.1025529],[55.2460132,-21.1027196],[55.2461051,-21.1027645],[55.2461813,-21.1029305],[55.2463093,-21.1031445],[55.2464144,-21.1033484],[55.2464533,-21.1034523],[55.2464735,-21.1035615],[55.2465285,-21.1036594],[55.2466816,-21.1038493],[55.2467826,-21.1040203],[55.2468026,-21.1041093],[55.2468927,-21.1042383],[55.2469367,-21.1043953],[55.2470047,-21.1044913],[55.2471469,-21.1046047],[55.2472579,-21.1046932],[55.2473599,-21.1048251],[55.2473749,-21.1048432],[55.2473669,-21.1049182],[55.2472773,-21.1050376],[55.2472049,-21.1051342],[55.247218,-21.1052472],[55.2472752,-21.1053306],[55.2472881,-21.1053492],[55.2473891,-21.1054221],[55.2474771,-21.1055071],[55.2476093,-21.1055557],[55.24766,-21.1056478],[55.2478433,-21.1058999],[55.2478467,-21.1059429],[55.2479108,-21.1060907],[55.2479043,-21.106182],[55.2479933,-21.1062509],[55.2480189,-21.106256],[55.24804,-21.1062354],[55.2480637,-21.106221],[55.2480795,-21.10624],[55.2480974,-21.1062949],[55.2483234,-21.1062818],[55.2483984,-21.1062929],[55.2484384,-21.1062988],[55.2486444,-21.1063999],[55.2486834,-21.1064188],[55.248966,-21.1065843],[55.2491796,-21.1067397],[55.2493916,-21.1069056],[55.2495057,-21.1069766],[55.2497218,-21.1071346],[55.2498278,-21.1072275],[55.2500689,-21.1073984],[55.2503773,-21.1075957],[55.2505892,-21.1077607],[55.2509962,-21.1081372],[55.2510892,-21.1082172],[55.2511293,-21.1082481],[55.2516627,-21.10858],[55.251857,-21.1086705],[55.2521437,-21.1087771],[55.2522124,-21.1088265],[55.2525915,-21.1089967],[55.2528207,-21.1090967],[55.2531517,-21.1092796],[55.2532487,-21.1093337],[55.2537983,-21.1096492],[55.2539586,-21.1098253],[55.2539809,-21.1098522],[55.2541349,-21.1100257],[55.2541945,-21.1101321],[55.2542177,-21.1101682],[55.2546382,-21.1106663],[55.254697,-21.1107363],[55.2547395,-21.1107909],[55.2546799,-21.110918],[55.2544649,-21.1109776],[55.2543879,-21.1111197],[55.25439,-21.1113017],[55.254354,-21.1113707],[55.2543,-21.1114147],[55.254283,-21.1115138],[55.2543061,-21.1116257],[55.2542771,-21.1117096],[55.2542211,-21.1117607],[55.2541391,-21.1118087],[55.2540121,-21.1118037],[55.2539521,-21.1117627],[55.253923,-21.1117248],[55.2538301,-21.1117728],[55.2537491,-21.1118568],[55.2537391,-21.1119489],[55.2537031,-21.1120319],[55.2536471,-21.1120868],[55.2533931,-21.1122029],[55.2532971,-21.1122189],[55.2532151,-21.112249],[55.2531351,-21.112305],[55.2530752,-21.112393],[55.2530511,-21.112509],[55.2530112,-21.112611],[55.2529482,-21.112635],[55.2528842,-21.1126791],[55.2528552,-21.1127721],[55.2528533,-21.112995],[55.2529123,-21.113097],[55.2529013,-21.113194],[55.2529264,-21.1132879],[55.2530475,-21.113488],[55.2530555,-21.113583],[55.2530314,-21.113689],[55.2530526,-21.1138009],[55.2531116,-21.113874],[55.2531965,-21.113868],[55.2532736,-21.1138929],[55.2533256,-21.1139549],[55.2534868,-21.1143209],[55.2535447,-21.1142959],[55.2535708,-21.1142088],[55.2537227,-21.1141269],[55.2538217,-21.1140888],[55.2538827,-21.1141227],[55.2539897,-21.1142258],[55.2540139,-21.1143068],[55.2540778,-21.1143767],[55.254272,-21.1146727],[55.2543509,-21.1147497],[55.2544349,-21.1147525],[55.254516,-21.1147745],[55.254646,-21.1149015],[55.2546731,-21.1149965],[55.254733,-21.1150976],[55.2549372,-21.1153394],[55.2550382,-21.1153884],[55.2551781,-21.1153374],[55.2552621,-21.1153544],[55.2553142,-21.1154784],[55.2555253,-21.1156114],[55.2555653,-21.1156702],[55.2557334,-21.1158093],[55.2557468,-21.1158219],[55.2558569,-21.1159718],[55.2558978,-21.1160548],[55.2559319,-21.1161668],[55.2559499,-21.1162248],[55.2560269,-21.1163497],[55.256051,-21.1164468],[55.2560711,-21.1165268],[55.256035,-21.1166698],[55.2561021,-21.1167057],[55.2561191,-21.1167827],[55.2560851,-21.1168328],[55.2560311,-21.1168708],[55.2560201,-21.1169257],[55.2561171,-21.1169327],[55.2561432,-21.1169337],[55.2562172,-21.1170108],[55.2562821,-21.1171017],[55.2563823,-21.1173416],[55.2564573,-21.1174377],[55.2565492,-21.117515],[55.2565804,-21.1176466],[55.2566433,-21.1177206],[55.2567294,-21.1177386],[55.2567983,-21.1177195],[55.2568574,-21.1176465],[55.2569033,-21.1176075],[55.2569854,-21.1176365],[55.2571404,-21.1177394],[55.2571963,-21.1178133],[55.2572127,-21.1178992],[55.2572076,-21.1180704],[55.2572196,-21.1181575],[55.2573356,-21.1183414],[55.2574157,-21.1184223],[55.2576167,-21.1185452],[55.258446,-21.1191072],[55.258483,-21.1191381],[55.2586271,-21.119259],[55.2588321,-21.119444],[55.2589642,-21.119589],[55.259236,-21.1199955],[55.2595505,-21.1203479],[55.2596717,-21.1205155],[55.2597907,-21.1207382],[55.2598389,-21.1208127],[55.2598857,-21.120922],[55.2598968,-21.1210542],[55.2600003,-21.1212987],[55.2600989,-21.1214973],[55.2602269,-21.1217931],[55.2603716,-21.1221165],[55.2604979,-21.1224273],[55.2605992,-21.1226035],[55.2609063,-21.1232103],[55.2610984,-21.1234354],[55.2613776,-21.1237113],[55.2615316,-21.1238292],[55.2616817,-21.1239302],[55.2617647,-21.1239602],[55.2618427,-21.1240002],[55.2619338,-21.1240661],[55.2622518,-21.1243021],[55.2623768,-21.124481],[55.2624319,-21.1245171],[55.2624769,-21.12453],[55.2625179,-21.124568],[55.2625599,-21.124632],[55.2626166,-21.1247563],[55.262721,-21.1248249],[55.26278,-21.1249009],[55.262818,-21.124912],[55.2628851,-21.124963],[55.262984,-21.1249609],[55.2630591,-21.1249948],[55.2632731,-21.1251428],[55.2632742,-21.1251778],[55.2632912,-21.1252557],[55.2633133,-21.1252998],[55.2633112,-21.1253778],[55.2632781,-21.1254078],[55.2632562,-21.1254598],[55.2631632,-21.1254957],[55.2631762,-21.1255528],[55.2631273,-21.1256408],[55.2632043,-21.1257378],[55.2632743,-21.1258687],[55.2633333,-21.1259107],[55.2633483,-21.1259678],[55.2634143,-21.1259997],[55.2634515,-21.1260327],[55.2634584,-21.1260567],[55.2634394,-21.1260947],[55.2634424,-21.1261117],[55.2634655,-21.1261268],[55.2635153,-21.1261348],[55.2635394,-21.1261977],[55.2635935,-21.1263007],[55.2636375,-21.1263276],[55.2636786,-21.1263296],[55.2637335,-21.1263156],[55.2637755,-21.1263307],[55.2637986,-21.1263566],[55.2639915,-21.1263946],[55.2640306,-21.1264135],[55.2641436,-21.1263215],[55.2642385,-21.1263765],[55.2641886,-21.1264225],[55.2641876,-21.1264596],[55.2641606,-21.1265005],[55.2641587,-21.1265506],[55.2641246,-21.1265896],[55.2641266,-21.1266425],[55.2640977,-21.1266645],[55.2640166,-21.1266416],[55.2639967,-21.1266826],[55.2640156,-21.1267076],[55.2641026,-21.1267256],[55.2640916,-21.1267936],[55.2640687,-21.1268335],[55.2641788,-21.1268665],[55.2642108,-21.1269195],[55.2642807,-21.1269055],[55.2643207,-21.1269445],[55.2643497,-21.1269404],[55.2643928,-21.1269025],[55.2644257,-21.1268384],[55.2645027,-21.1267974],[55.2645557,-21.1268054],[55.2645918,-21.1268564],[55.2646011,-21.1268876],[55.2646157,-21.1268995],[55.2647398,-21.1268805],[55.2647868,-21.1268944],[55.2649128,-21.1268453],[55.2649868,-21.1267242],[55.2650248,-21.1266993],[55.2650758,-21.1266924],[55.2651518,-21.1267253],[55.2652088,-21.1267712],[55.2652288,-21.1268072],[55.2652018,-21.1268953],[55.2652419,-21.1269413],[55.2652809,-21.1269483],[55.2653708,-21.1268702],[55.2654758,-21.1268242],[55.2655288,-21.1267522],[55.2656078,-21.1267051],[55.2656516,-21.1266942],[55.2657427,-21.1267687],[55.2658169,-21.1267738],[55.2659347,-21.1268153],[55.2660787,-21.1268661],[55.2662084,-21.1269973],[55.2664483,-21.1271106],[55.266576,-21.1271518],[55.2667141,-21.1272058],[55.2669118,-21.1273522],[55.2670613,-21.1274334],[55.2671353,-21.1274534],[55.2671752,-21.1274754],[55.2673566,-21.1275329],[55.2673602,-21.1275667],[55.2673272,-21.1276438],[55.2673622,-21.1276947],[55.2674013,-21.1277157],[55.2674873,-21.1277347],[55.2675833,-21.1277997],[55.2676553,-21.1277977],[55.2677663,-21.1278296],[55.2678043,-21.1278626],[55.2678364,-21.1279176],[55.2678403,-21.1279795],[55.2678204,-21.1280856],[55.2677734,-21.1281867],[55.2677674,-21.1282706],[55.2677035,-21.1284266],[55.2677225,-21.1284986],[55.2678106,-21.1285837],[55.2679066,-21.1287595],[55.2678996,-21.1287926],[55.2678576,-21.1288246],[55.2678547,-21.1288386],[55.2678507,-21.1288556],[55.2678847,-21.1289276],[55.2679868,-21.1290556],[55.2680156,-21.1291285],[55.2680247,-21.1291785],[55.2680057,-21.1292105],[55.2680048,-21.1293395],[55.2680348,-21.1293645],[55.2681057,-21.1293785],[55.2681349,-21.1294205],[55.268146,-21.1296285],[55.2680969,-21.1297405],[55.268,-21.1298044],[55.267956,-21.1298655],[55.2678459,-21.1299245],[55.267822,-21.1299235],[55.2677884,-21.1299081],[55.2677179,-21.1301286],[55.267722,-21.1302136],[55.267669,-21.1302596],[55.267628,-21.1303666],[55.267581,-21.1304217],[55.267578,-21.1304537],[55.267595,-21.1304886],[55.2676791,-21.1305476],[55.2677771,-21.1305656],[55.2679632,-21.1306475],[55.2682332,-21.1306083],[55.2684831,-21.1306134],[55.2685662,-21.1306053],[55.2688232,-21.1306543],[55.2689102,-21.1307002],[55.2690222,-21.1307131],[55.2691362,-21.1307612],[55.2692512,-21.1307521],[55.2693623,-21.1308071],[55.2695073,-21.1308382],[55.2695544,-21.1308631],[55.2696113,-21.1308511],[55.2696644,-21.1308711],[55.2697264,-21.1308751],[55.2697994,-21.1309471],[55.2698125,-21.1310081],[55.2698374,-21.131022],[55.2700376,-21.131008],[55.2700814,-21.130979],[55.2701104,-21.130942],[55.2701455,-21.130946],[55.2702735,-21.131003],[55.2703196,-21.1310678],[55.2703415,-21.1311468],[55.2703256,-21.1312099],[55.2702595,-21.1312999],[55.2701546,-21.1314089],[55.2700526,-21.131468],[55.2700125,-21.1315379],[55.2699476,-21.131566],[55.2699346,-21.131605],[55.2699527,-21.131636],[55.2699186,-21.131669],[55.2699136,-21.1316921],[55.2699286,-21.1317089],[55.2699797,-21.131724],[55.2701437,-21.1316449],[55.2701656,-21.1315909],[55.2701907,-21.1315609],[55.2702595,-21.1315079],[55.2703005,-21.1314909],[55.2704025,-21.1314649],[55.2707127,-21.1314798],[55.2708818,-21.1315467],[55.2709767,-21.1316407],[55.2710228,-21.1317097],[55.2710578,-21.1318257],[55.2710569,-21.1319677],[55.2710349,-21.1320627],[55.2709418,-21.1322027],[55.270881,-21.1324708],[55.270816,-21.1325297],[55.270709,-21.1325748],[55.2706511,-21.1327018],[55.270658,-21.1327317],[55.270724,-21.1327667],[55.2707921,-21.1328487],[55.2707771,-21.1329218],[55.2707831,-21.1329967],[55.2706911,-21.1330927],[55.2706651,-21.1331528],[55.2706901,-21.1331647],[55.2707851,-21.1331617],[55.2708621,-21.1331817],[55.2709331,-21.1331817],[55.2709862,-21.1332043],[55.2709472,-21.1332548],[55.2708583,-21.1334157],[55.2707702,-21.1334967],[55.2707092,-21.1336648],[55.2705004,-21.1336708],[55.2704668,-21.1338248],[55.2705271,-21.1339188],[55.2705002,-21.1340155],[55.2705058,-21.1340951],[55.2705825,-21.1340838],[55.2706033,-21.1340998],[55.2706394,-21.1340968],[55.2706913,-21.1340798],[55.2707584,-21.1340287],[55.2708524,-21.1340267],[55.2710305,-21.1342027],[55.2712455,-21.1342976],[55.2713315,-21.1344586],[55.2713576,-21.1345295],[55.2713516,-21.1346446],[55.2711628,-21.1348018],[55.2707702,-21.1350412],[55.2711628,-21.1349308],[55.2713087,-21.1349796],[55.2713298,-21.1350946],[55.2713988,-21.1352096],[55.2714968,-21.1352735],[55.2715138,-21.1353395],[55.2714519,-21.1355546],[55.2714029,-21.1356256],[55.2713829,-21.1356746],[55.2713899,-21.1357726],[55.2713599,-21.1358675],[55.2712867,-21.135977],[55.2712501,-21.1360895],[55.2711411,-21.1361556],[55.271125,-21.1361896],[55.2710839,-21.1362186],[55.2710471,-21.1363526],[55.271011,-21.1364216],[55.2710541,-21.1364636],[55.2710611,-21.1365496],[55.2709952,-21.1367086],[55.2710012,-21.1367886],[55.2709832,-21.1368347],[55.2708962,-21.1369266],[55.2708641,-21.1369437],[55.2707661,-21.1369606],[55.2706962,-21.1370176],[55.2707132,-21.1370696],[55.2706612,-21.1371468],[55.2706562,-21.1371878],[55.2706852,-21.1372177],[55.2708483,-21.1372487],[55.2708763,-21.1372837],[55.2710224,-21.1376026],[55.2711235,-21.1377366],[55.2711205,-21.1378176],[55.2711435,-21.1378755],[55.2711395,-21.1379905],[55.2711546,-21.1380406],[55.2712055,-21.1381385],[55.2712956,-21.1382085],[55.2713397,-21.1382605],[55.2713576,-21.1383465],[55.2712687,-21.1385785],[55.2711775,-21.1388741],[55.2710061,-21.139198],[55.2709809,-21.1393735],[55.2709619,-21.1394245],[55.270954,-21.1394776],[55.2710039,-21.1394936],[55.2710809,-21.1395725],[55.2711011,-21.1396396],[55.2711551,-21.1396966],[55.2712131,-21.1399726],[55.2711742,-21.1402445],[55.2713183,-21.1407245],[55.2713004,-21.1410515],[55.2712735,-21.1411684],[55.2711595,-21.1413544],[55.2710925,-21.1414165],[55.2710705,-21.1414535],[55.2710156,-21.1414645],[55.2709715,-21.1415346],[55.2709145,-21.1417095],[55.2709285,-21.1417475],[55.2709856,-21.1417885],[55.2709576,-21.1418435],[55.2708896,-21.1418505],[55.2708226,-21.1418375],[55.2707906,-21.1418906],[55.2707916,-21.1419636],[55.2707776,-21.1419857],[55.2706717,-21.1420396],[55.2705356,-21.1420556],[55.2704946,-21.1420936],[55.2704887,-21.1421236],[55.2704947,-21.1421386],[55.2705337,-21.1421607],[55.2706426,-21.1421786],[55.2707855,-21.1420966],[55.2708576,-21.1421505],[55.2708917,-21.1422035],[55.2709687,-21.1422816],[55.2710688,-21.1423155],[55.2714509,-21.1425224],[55.2716049,-21.1426574],[55.2716499,-21.1427543],[55.271665,-21.1428414],[55.271647,-21.1429982],[55.2715961,-21.1430614],[55.27152,-21.1431155],[55.271394,-21.1432644],[55.271169,-21.1432394],[55.271113,-21.1432225],[55.271049,-21.1432404],[55.2710071,-21.1432665],[55.2708439,-21.1432616],[55.270767,-21.1432346],[55.270708,-21.1432366],[55.270653,-21.1432585],[55.270587,-21.1432606],[55.2705259,-21.1432386],[55.270457,-21.1432556],[55.27039,-21.1433006],[55.2703189,-21.1433126],[55.270272,-21.1433386],[55.270211,-21.1435127],[55.270232,-21.1435837],[55.270338,-21.1436316],[55.2703811,-21.1436846],[55.2704161,-21.1438286],[55.2704572,-21.1438736],[55.2704721,-21.1439277],[55.2705161,-21.1439676],[55.2707092,-21.1440696],[55.2706802,-21.1441395],[55.2706803,-21.1441796],[55.2707302,-21.1442145],[55.2707872,-21.1442316],[55.2708393,-21.1442746],[55.2708643,-21.1443265],[55.2708903,-21.1443525],[55.2709454,-21.1443615],[55.2709764,-21.1443945],[55.2709483,-21.1444225],[55.2709634,-21.1444605],[55.2710203,-21.1445015],[55.2710844,-21.1445154],[55.2711404,-21.1445094],[55.2711934,-21.1445184],[55.2712464,-21.1445554],[55.2712664,-21.1445983],[55.2712735,-21.1446113],[55.2712775,-21.1446815],[55.2712525,-21.1447464],[55.2712675,-21.1448754],[55.2712585,-21.1449465],[55.2712205,-21.1449974],[55.2711765,-21.1450114],[55.2711485,-21.1450554],[55.2711446,-21.1451175],[55.2712247,-21.1454524],[55.2712287,-21.1455295],[55.2712167,-21.1455994],[55.2711777,-21.1456374],[55.2711258,-21.1456254],[55.2710737,-21.1455935],[55.2709677,-21.1456445],[55.2707779,-21.145638],[55.2707237,-21.1456958],[55.2707647,-21.1457766],[55.2707667,-21.1458125],[55.2708278,-21.1458415],[55.2708777,-21.1459265],[55.2708818,-21.1459795],[55.2707074,-21.1461312],[55.2708006,-21.1461942],[55.2710289,-21.1461924],[55.2712059,-21.1463034],[55.2712839,-21.1463013],[55.2713539,-21.1462844],[55.2714129,-21.1462323],[55.2714658,-21.1461223],[55.2715029,-21.1460813],[55.2715569,-21.1460563],[55.2716259,-21.1460523],[55.2716939,-21.1460753],[55.2717449,-21.1461983],[55.2719029,-21.1462632],[55.271908,-21.1463433],[55.271882,-21.1464112],[55.271936,-21.1464392],[55.2720361,-21.1464482],[55.2721111,-21.1465051],[55.2723041,-21.1467581],[55.2724152,-21.1469281],[55.2724552,-21.1470182],[55.2724853,-21.147198],[55.2724744,-21.147406],[55.2724293,-21.1474911],[55.2721554,-21.1478371],[55.2721404,-21.1479202],[55.2721725,-21.1479861],[55.2722436,-21.1480751],[55.2722555,-21.1481201],[55.2722606,-21.148273],[55.2721896,-21.1484091],[55.2721816,-21.1484911],[55.2720937,-21.1486332],[55.2720737,-21.1487111],[55.2720707,-21.1488731],[55.2720107,-21.1492051],[55.2719497,-21.1492342],[55.2718528,-21.1493192],[55.2717829,-21.1493332],[55.2717118,-21.1493693],[55.2716749,-21.1494222],[55.2716819,-21.1496092],[55.27177,-21.1497092],[55.2718029,-21.1498542],[55.271868,-21.1498902],[55.271939,-21.1498851],[55.2721389,-21.1497311],[55.27221,-21.149709],[55.2722701,-21.149734],[55.272323,-21.1497732],[55.272354,-21.1498341],[55.272344,-21.149913],[55.272417,-21.150029],[55.2723761,-21.150075],[55.2723711,-21.1501389],[55.2724431,-21.150155],[55.2725392,-21.1502681],[55.2726222,-21.150287],[55.2728142,-21.150204],[55.2728202,-21.150297],[55.2728713,-21.1503469],[55.2729603,-21.1504007],[55.2731036,-21.1503459],[55.2731864,-21.1502993],[55.2733342,-21.1503508],[55.273463,-21.1504222],[55.2735951,-21.1505152],[55.2737406,-21.150603],[55.2739653,-21.1506547],[55.2741654,-21.1506556],[55.2742374,-21.1506186],[55.2743034,-21.1505636],[55.2743984,-21.1505465],[55.2746084,-21.1505775],[55.2747025,-21.1505675],[55.2751325,-21.1503763],[55.2752124,-21.1503603],[55.2753025,-21.1503683],[55.27543,-21.1504155],[55.275701,-21.15068],[55.2760277,-21.1509697],[55.2768079,-21.1514739],[55.2774369,-21.1519074],[55.2780818,-21.1522992],[55.2783928,-21.1524807],[55.2787938,-21.152714],[55.2792662,-21.1528917],[55.2797636,-21.1530492],[55.2800588,-21.1531061],[55.2805837,-21.153182],[55.2807142,-21.1532827],[55.2807763,-21.1534405],[55.2809509,-21.1535305],[55.2813192,-21.1536543],[55.281625,-21.1538249],[55.2817924,-21.1539689],[55.2819134,-21.1540934],[55.2820249,-21.1541595],[55.2821351,-21.1542815],[55.2822128,-21.1543454],[55.2822761,-21.1544553],[55.2823354,-21.1546124],[55.2823513,-21.1547564],[55.2824274,-21.1549065],[55.2824395,-21.1549764],[55.2824384,-21.1551507],[55.2824676,-21.155295],[55.2825505,-21.1554065],[55.2826857,-21.1555213],[55.2827647,-21.1556062],[55.2830397,-21.1558493],[55.2830509,-21.1559122],[55.2830338,-21.1560282],[55.2830459,-21.1561012],[55.2831249,-21.1561332],[55.2832809,-21.1561713],[55.283331,-21.1562162],[55.283625,-21.1565761],[55.2838012,-21.156753],[55.2841333,-21.1571339],[55.2843614,-21.1574289],[55.284413,-21.1575131],[55.2844791,-21.1576176],[55.2846234,-21.1579584],[55.284847,-21.1583117],[55.2850748,-21.1585847],[55.2852868,-21.1588245],[55.2853219,-21.1588797],[55.285471,-21.1591136],[55.285532,-21.1592375],[55.2855471,-21.1592865],[55.2856241,-21.1595415],[55.2856401,-21.1596305],[55.2856451,-21.1596615],[55.2856931,-21.1597795],[55.2857952,-21.1598584],[55.2862453,-21.1602053],[55.2864925,-21.1603722],[55.2866074,-21.1604723],[55.2867025,-21.1605872],[55.2867816,-21.1607152],[55.2868356,-21.1608512],[55.2868947,-21.1611261],[55.2868937,-21.1612421],[55.2868756,-21.1613552],[55.2868797,-21.1614761],[55.2869359,-21.1617421],[55.2869709,-21.1618642],[55.2870211,-21.1620101],[55.2871029,-21.1621301],[55.287213,-21.162421],[55.287254,-21.1625641],[55.2872882,-21.16284],[55.2873349,-21.1630352],[55.2873952,-21.1631724],[55.2874356,-21.1633447],[55.2874477,-21.1634636],[55.2874424,-21.1635561],[55.2874102,-21.1637625],[55.2873324,-21.1640526],[55.2872573,-21.1642265],[55.2871674,-21.1643628],[55.2870829,-21.1644616],[55.2869097,-21.1646351],[55.2866297,-21.1649042],[55.2862377,-21.1651422],[55.2862151,-21.1651618],[55.2861367,-21.1652293],[55.2859668,-21.1654313],[55.2859357,-21.1655182],[55.2859278,-21.1655393],[55.2859069,-21.1656594],[55.285937,-21.1660074],[55.285943,-21.1660763],[55.285938,-21.1663463],[55.2859901,-21.1666452],[55.2859931,-21.1667903],[55.2860152,-21.1669623],[55.2860794,-21.1672853],[55.2860974,-21.1674482],[55.2860804,-21.1677182],[55.2857325,-21.1677324],[55.2857184,-21.1677783],[55.2857339,-21.1678257],[55.2861147,-21.1678245],[55.2861134,-21.1680737],[55.2861169,-21.168347],[55.2861083,-21.1685984],[55.2860748,-21.1686009],[55.2860588,-21.1686344],[55.2860413,-21.1686739],[55.2854009,-21.1684647],[55.2853793,-21.1677647],[55.2854735,-21.1677042],[55.2854459,-21.1676534],[55.2852954,-21.1677623],[55.2853306,-21.1685147],[55.2860733,-21.1687719],[55.2860717,-21.1687793],[55.2860447,-21.1689162],[55.2860349,-21.1690442],[55.2860299,-21.1693212],[55.2860459,-21.1694171],[55.2860689,-21.1696142],[55.2860816,-21.1698512],[55.285907,-21.1699743],[55.285872,-21.1700373],[55.2858881,-21.1700673],[55.2860131,-21.1701752],[55.2860661,-21.1702502],[55.2862072,-21.1706521],[55.2862313,-21.1707972],[55.2862433,-21.1709761],[55.2862364,-21.1711472],[55.2862064,-21.171398],[55.2862272,-21.1716449],[55.2862034,-21.1718026],[55.2862816,-21.171871],[55.2863546,-21.1720381],[55.2864527,-21.1728725],[55.286487,-21.1730787],[55.2865452,-21.1732744],[55.286602,-21.1736661],[55.2866198,-21.1738974],[55.2865771,-21.1739725],[55.2866191,-21.1741275],[55.2866981,-21.1743212],[55.2867484,-21.1747511],[55.286776,-21.1748518],[55.2867762,-21.1749301],[55.2867526,-21.1750119],[55.2866697,-21.17512],[55.2866507,-21.175196],[55.2866756,-21.1752449],[55.2867106,-21.1752869],[55.2866352,-21.1754267],[55.2866891,-21.1755114],[55.2866577,-21.175581],[55.2866297,-21.1756819],[55.2866301,-21.1757447],[55.2866307,-21.175841],[55.2866318,-21.175948],[55.2866208,-21.176017],[55.286621,-21.17615],[55.2866213,-21.176321],[55.2866394,-21.1767088],[55.2866533,-21.176985],[55.2867613,-21.1775075],[55.2868197,-21.1777674],[55.2868885,-21.1780469],[55.2868825,-21.1781848],[55.2868594,-21.1783328],[55.2867916,-21.1786159],[55.2867367,-21.1789299],[55.2866728,-21.1793989],[55.2866709,-21.1795439],[55.2866354,-21.1797334],[55.2867181,-21.1800724],[55.2868971,-21.1805818],[55.2869556,-21.1808956],[55.2870984,-21.1814128],[55.2872351,-21.182055],[55.2872807,-21.1824042],[55.2873678,-21.1826957],[55.2873959,-21.1830206],[55.28736,-21.1832487],[55.287312,-21.1833697],[55.287245,-21.1834947],[55.2870691,-21.1837076],[55.2867461,-21.1840008],[55.2865842,-21.1843858],[55.2865723,-21.1845097],[55.286562,-21.1846641],[55.2866155,-21.1847577],[55.2866277,-21.184873],[55.2866353,-21.1849449],[55.2868315,-21.1852277],[55.2869006,-21.1854337],[55.2869015,-21.1854657],[55.2869046,-21.1855147],[55.2867616,-21.1857598],[55.2867576,-21.1858417],[55.2867077,-21.1859018],[55.2867556,-21.1859458],[55.2868227,-21.1859737],[55.2868477,-21.1860227],[55.2868168,-21.1860796],[55.2868218,-21.1861498],[55.2868098,-21.1862298],[55.2867778,-21.1863038],[55.2866279,-21.1864107],[55.2865634,-21.1864458],[55.2865508,-21.1864697],[55.2865359,-21.1864969],[55.2864629,-21.1865038],[55.2863758,-21.1865369],[55.2863739,-21.1865719],[55.2864419,-21.1865899],[55.2864569,-21.1866317],[55.2864139,-21.1867018],[55.2862679,-21.1868688],[55.2860609,-21.1869139],[55.2860105,-21.1869604],[55.2860029,-21.1870545],[55.2860849,-21.1870909],[55.286106,-21.1871695],[55.2860685,-21.1872584],[55.286125,-21.1873324],[55.2861751,-21.1873759],[55.2862641,-21.1873819],[55.2863461,-21.1874028],[55.2864052,-21.1874498],[55.2864241,-21.1875278],[55.2863912,-21.1877119],[55.2864182,-21.1877708],[55.2864542,-21.1877948],[55.2864732,-21.1878068],[55.2864963,-21.1878768],[55.2862624,-21.1883928],[55.2861743,-21.1885099],[55.2861104,-21.1885809],[55.2860814,-21.1886108],[55.2859924,-21.1887409],[55.2859215,-21.1888739],[55.2858726,-21.1890299],[55.2858136,-21.1894959],[55.2857717,-21.189661],[55.2856098,-21.190174],[55.2853449,-21.1908811],[55.2852631,-21.1912189],[55.2852501,-21.1914],[55.2852042,-21.1916351],[55.2851642,-21.1917951],[55.2849714,-21.1924501],[55.2849164,-21.1927601],[55.2849015,-21.192909],[55.2848705,-21.1932131],[55.2848161,-21.1947351],[55.28479,-21.1949971],[55.2847531,-21.195137],[55.2846563,-21.1953972],[55.2845743,-21.1957841],[55.2844853,-21.1960362],[55.2844164,-21.1961571],[55.2843145,-21.1962872],[55.2841895,-21.1964202],[55.2840695,-21.1965202],[55.2839385,-21.1966632],[55.2837906,-21.1968243],[55.2837295,-21.1968043],[55.2836565,-21.1968003],[55.2835835,-21.1968354],[55.2835285,-21.1969114],[55.2833845,-21.1970474],[55.2833115,-21.1970594],[55.2832425,-21.1971034],[55.2831886,-21.1971865],[55.2831526,-21.1972805],[55.2831047,-21.1973634],[55.2830216,-21.1974375],[55.2828277,-21.1975656],[55.2827808,-21.1979546],[55.2827737,-21.1980126],[55.2827887,-21.1981215],[55.2828599,-21.1986224],[55.2829311,-21.1990314],[55.2829341,-21.1991754],[55.2829832,-21.1994334],[55.2830393,-21.1998333],[55.2830385,-21.1999574],[55.2829904,-21.2001435],[55.2829504,-21.2002164],[55.2828684,-21.2002653],[55.2827895,-21.2003335],[55.2827355,-21.2003795],[55.2827224,-21.2004605],[55.2827975,-21.2004985],[55.2828175,-21.2005434],[55.2827958,-21.2005835],[55.2827855,-21.2006014],[55.2827706,-21.2006064],[55.2827375,-21.2006415],[55.2827355,-21.2006835],[55.2827494,-21.200681],[55.2827856,-21.2006965],[55.2827696,-21.2007588],[55.2827296,-21.2008045],[55.2826636,-21.2008235],[55.2826366,-21.2008795],[55.2826693,-21.200998],[55.2826797,-21.2010344],[55.2826226,-21.2011165],[55.2825329,-21.2012082],[55.2823537,-21.2013385],[55.2822407,-21.2013945],[55.2821497,-21.2014036],[55.2820507,-21.2013886],[55.2818886,-21.2012727],[55.2818279,-21.2012567],[55.2817786,-21.2012607],[55.2816856,-21.2013147],[55.2816077,-21.2013777],[55.2815736,-21.2014427],[55.2815216,-21.2014268],[55.2814426,-21.2014428],[55.2813397,-21.2014918],[55.2812906,-21.2015799],[55.2812227,-21.2016429],[55.2811297,-21.2016729],[55.2809677,-21.2017878],[55.2808987,-21.2017749],[55.2807206,-21.2018619],[55.2806287,-21.201885],[55.2806627,-21.2019311],[55.2807427,-21.201971],[55.2808837,-21.2020839],[55.2808077,-21.2020939],[55.2807038,-21.2021269],[55.2806176,-21.20213],[55.2805638,-21.202182],[55.2805728,-21.202268],[55.2804798,-21.202396],[55.2805088,-21.202466],[55.2806348,-21.202536],[55.2805529,-21.202636],[55.2805199,-21.202708],[55.2805539,-21.2027739],[55.2806309,-21.202839],[55.280635,-21.2029019],[55.280462,-21.203],[55.280427,-21.2030861],[55.280492,-21.203152],[55.2806871,-21.203247],[55.2807132,-21.2033219],[55.2806622,-21.203392],[55.2806501,-21.203479],[55.2807251,-21.203538],[55.2808631,-21.2035619],[55.2809561,-21.2036238],[55.2810482,-21.2036518],[55.2811192,-21.2036068],[55.2811823,-21.2035178],[55.281138,-21.203194],[55.2810857,-21.2030798],[55.2811029,-21.2029836],[55.2811961,-21.2029567],[55.28129,-21.2029948],[55.2813481,-21.2030587],[55.2814072,-21.2033127],[55.2814432,-21.2034397],[55.2814608,-21.2034674],[55.2814699,-21.2034781],[55.2815582,-21.2035227],[55.2816143,-21.2035417],[55.2816923,-21.2035787],[55.2817273,-21.2036327],[55.2817503,-21.2036547],[55.2819153,-21.2038186],[55.2819823,-21.2039146],[55.2820175,-21.2040067],[55.2820215,-21.2041016],[55.2819976,-21.2043266],[55.2819996,-21.2045106],[55.2820295,-21.2045716],[55.2818747,-21.2046216],[55.2818438,-21.2046636],[55.2818115,-21.2047077],[55.2818201,-21.2047338],[55.2819212,-21.2047334],[55.2820655,-21.2047348],[55.2824736,-21.2047325],[55.2826507,-21.2046715],[55.2827566,-21.2046984],[55.2827824,-21.2047213],[55.2828017,-21.2047384],[55.2828307,-21.2047644],[55.2828277,-21.2048444],[55.2828203,-21.2048574],[55.2827838,-21.2049223],[55.2828187,-21.2050014],[55.2829029,-21.2051044],[55.2829923,-21.205246],[55.2830789,-21.2053923],[55.2831039,-21.2054202],[55.2831398,-21.2054603],[55.283131,-21.2055373],[55.2831073,-21.2056051],[55.2831215,-21.2056846],[55.2831284,-21.2057092],[55.2831581,-21.2057572],[55.283195,-21.2057883],[55.2832561,-21.2057792],[55.2834597,-21.2056399],[55.283484,-21.2056232],[55.2835541,-21.2056481],[55.28364,-21.2057021],[55.2837016,-21.2057651],[55.2837626,-21.2058269],[55.283781,-21.2058611],[55.2838582,-21.2059801],[55.2838731,-21.205994],[55.2839347,-21.2060511],[55.2839561,-21.2060711],[55.2839662,-21.206166],[55.2840024,-21.2062309],[55.2840104,-21.2062451],[55.2840702,-21.206298],[55.2842704,-21.206417],[55.2842873,-21.206468],[55.2842773,-21.2065279],[55.2841404,-21.2066781],[55.2842663,-21.206707],[55.2843655,-21.20676],[55.2844435,-21.2067809],[55.2845164,-21.2067859],[55.2845704,-21.206759],[55.2846184,-21.2067569],[55.2846504,-21.2067939],[55.2846935,-21.2069148],[55.2847415,-21.2069059],[55.2847965,-21.2068708],[55.2848755,-21.2068748],[55.2849215,-21.2069138],[55.2849475,-21.2069908],[55.2850076,-21.2070418],[55.2851987,-21.2070788],[55.2852957,-21.2071437],[55.2853697,-21.2072128],[55.2854188,-21.2072877],[55.2854267,-21.2073686],[55.2854147,-21.2074447],[55.2852268,-21.2076717],[55.2852198,-21.2077017],[55.2852118,-21.2077357],[55.2852648,-21.2077816],[55.2853177,-21.2077536],[55.2854229,-21.2077327],[55.2855337,-21.2077486],[55.2856058,-21.2077946],[55.2856779,-21.2078796],[55.2857089,-21.2079546],[55.2856879,-21.2080005],[55.285582,-21.2080696],[55.285402,-21.2081566],[55.285314,-21.2081797],[55.285279,-21.2082428],[55.285312,-21.2083347],[55.2853001,-21.2084307],[55.285245,-21.2086186],[55.285292,-21.2086437],[55.2854151,-21.2085796],[55.2855121,-21.2085576],[55.2856051,-21.2085846],[55.2857711,-21.2086096],[55.2858362,-21.2086366],[55.2857861,-21.2087326],[55.2857761,-21.2088055],[55.2857792,-21.2089765],[55.2857342,-21.2090415],[55.2857303,-21.2091216],[55.2859853,-21.2092004],[55.2860793,-21.2092455],[55.2862814,-21.2097234],[55.2862555,-21.2098075],[55.2861975,-21.2098794],[55.2861835,-21.2100585],[55.2861966,-21.2102745],[55.2861886,-21.2103845],[55.2861547,-21.2104964],[55.2860467,-21.2107545],[55.2859118,-21.2109835],[55.2858188,-21.2112284],[55.2858469,-21.2113384],[55.285855,-21.2114534],[55.285847,-21.2115705],[55.285887,-21.2117905],[55.285843,-21.2119605],[55.2858361,-21.2120625],[55.2858931,-21.2121464],[55.2859591,-21.2121664],[55.2860291,-21.2121373],[55.2861232,-21.2121675],[55.2863292,-21.2123333],[55.2863922,-21.2124073],[55.2864383,-21.2125703],[55.2865253,-21.2125943],[55.2866223,-21.2126433],[55.2866865,-21.2127343],[55.2866804,-21.2128213],[55.2866535,-21.2128981],[55.2867015,-21.2129653],[55.2867815,-21.2130273],[55.2868345,-21.2131362],[55.2868645,-21.2133393],[55.2867976,-21.2135842],[55.2868096,-21.2136912],[55.2869898,-21.2140211],[55.2870239,-21.2141061],[55.2870328,-21.2142652],[55.2870029,-21.2143551],[55.287039,-21.2145141],[55.2871019,-21.2145402],[55.28728,-21.2145431],[55.287331,-21.2145951],[55.2873971,-21.2150041],[55.2874372,-21.215097],[55.2876573,-21.215427],[55.2877122,-21.215469],[55.2877983,-21.2154929],[55.2878563,-21.215541],[55.2878623,-21.2155899],[55.2878384,-21.2156549],[55.2877634,-21.215778],[55.2877703,-21.2158329],[55.2878144,-21.2158689],[55.2878964,-21.2158989],[55.2879235,-21.2159748],[55.2879194,-21.2160638],[55.2878875,-21.216222],[55.2878105,-21.2163809],[55.2877575,-21.2164618],[55.2877316,-21.216552],[55.2877326,-21.216736],[55.2877596,-21.2168189],[55.2878408,-21.2168239],[55.2879327,-21.2167969],[55.2881476,-21.2168128],[55.2882928,-21.2168458],[55.2883228,-21.2168688],[55.2883438,-21.2168858],[55.2883317,-21.2169288],[55.2882597,-21.2169728],[55.2881868,-21.2170518],[55.2881448,-21.2171367],[55.2881338,-21.2172088],[55.2882138,-21.2172777],[55.2882488,-21.2173448],[55.2882489,-21.2174368],[55.2882288,-21.2175198],[55.2882469,-21.2175827],[55.2884,-21.2176417],[55.288466,-21.2176888],[55.2884909,-21.2177307],[55.288475,-21.2178017],[55.288378,-21.2178977],[55.288349,-21.2180397],[55.2882991,-21.2181508],[55.2881491,-21.2183717],[55.2881122,-21.2184637],[55.2881482,-21.2185538],[55.2882201,-21.2185808],[55.2883082,-21.2185657],[55.2883933,-21.2185738],[55.2883882,-21.2186067],[55.2883533,-21.2186678],[55.2883533,-21.2187367],[55.2884232,-21.2187476],[55.2885293,-21.2187367],[55.2885983,-21.2187037],[55.2886684,-21.2187006],[55.2887383,-21.2187256],[55.2887843,-21.2187597],[55.2888004,-21.2187856],[55.2887794,-21.2188726],[55.2887844,-21.2189286],[55.2888194,-21.2189806],[55.2888744,-21.2190266],[55.2888884,-21.2190746],[55.2888645,-21.2192485],[55.2888875,-21.2193206],[55.2891826,-21.2195755],[55.2892476,-21.2196664],[55.2892377,-21.2197165],[55.2892226,-21.2197695],[55.2892326,-21.2198225],[55.2892878,-21.2199515],[55.2893527,-21.2199635],[55.2894338,-21.2200054],[55.2895868,-21.2203003],[55.2897979,-21.2203463],[55.289837,-21.2203913],[55.2899139,-21.2204213],[55.2900949,-21.2204252],[55.290141,-21.2204453],[55.290182,-21.2206702],[55.290242,-21.2207422],[55.290334,-21.2208111],[55.2903881,-21.2209042],[55.2906772,-21.221215],[55.2907332,-21.2212931],[55.2907983,-21.2214761],[55.2913965,-21.2222209],[55.2914086,-21.2223078],[55.2913236,-21.22257],[55.2913307,-21.222643],[55.2914557,-21.2227548],[55.2915107,-21.2228479],[55.2915348,-21.2230008],[55.2915638,-21.2230768],[55.2917279,-21.2232399],[55.2917299,-21.2232998],[55.2916959,-21.2234517],[55.291717,-21.2235157],[55.2917879,-21.2235287],[55.2918629,-21.2235248],[55.291954,-21.2235527],[55.292026,-21.2236197],[55.292117,-21.2238886],[55.2921981,-21.2239856],[55.2922941,-21.2240446],[55.2924441,-21.2240936],[55.2924771,-21.2241416],[55.2924572,-21.2241976],[55.2924152,-21.2242476],[55.2922462,-21.2244047],[55.2922533,-21.2244357],[55.2923513,-21.2245086],[55.2923933,-21.2245766],[55.2923853,-21.2246176],[55.2923664,-21.2247216],[55.2923793,-21.2248096],[55.2924174,-21.2248746],[55.2925485,-21.2249206],[55.2925644,-21.2250685],[55.2925585,-21.2251485],[55.2924435,-21.2253216],[55.2921796,-21.2256597],[55.2921577,-21.2257407],[55.2921996,-21.2258016],[55.2923886,-21.2258036],[55.2924346,-21.2258485],[55.2924176,-21.2259096],[55.2922997,-21.2260036],[55.2922948,-21.2262796],[55.2923878,-21.2264666],[55.2923849,-21.2265735],[55.2922969,-21.2267516],[55.2922389,-21.2269326],[55.292114,-21.2270767],[55.2921001,-21.2271516],[55.292122,-21.2273205],[55.2921081,-21.2273956],[55.292121,-21.2274605],[55.29219,-21.2274816],[55.2924091,-21.2274795],[55.2924712,-21.2275195],[55.2925262,-21.2275785],[55.2925972,-21.2276205],[55.2927352,-21.2276574],[55.2927363,-21.2276875],[55.2926672,-21.2277785],[55.2927003,-21.2278284],[55.2928413,-21.2279705],[55.2928653,-21.2280304],[55.2928263,-21.2281964],[55.2928294,-21.2283054],[55.2928581,-21.2283606],[55.2929154,-21.2284024],[55.2930825,-21.2284084],[55.2931584,-21.2284404],[55.2931955,-21.2284963],[55.2931994,-21.2285773],[55.2931851,-21.2286604],[55.2931685,-21.2287564],[55.2931106,-21.2288373],[55.2928866,-21.2290743],[55.2928327,-21.2291564],[55.2927856,-21.2293264],[55.2928137,-21.2293894],[55.2928857,-21.2294194],[55.2929237,-21.2294664],[55.2930128,-21.2296194],[55.2931298,-21.2296993],[55.2932399,-21.2298063],[55.2932159,-21.2298573],[55.2930798,-21.2299153],[55.2930629,-21.2299794],[55.2930059,-21.2300843],[55.2930319,-21.2301124],[55.293204,-21.2301633],[55.293329,-21.2302453],[55.2933921,-21.2302613],[55.293449,-21.2302342],[55.293545,-21.2301422],[55.293606,-21.2301151],[55.293659,-21.2301212],[55.293673,-21.2301622],[55.293672,-21.2302131],[55.293579,-21.2303833],[55.2935812,-21.2304313],[55.293605,-21.2304572],[55.2936961,-21.2304752],[55.2937031,-21.2305061],[55.2936682,-21.2305482],[55.2936572,-21.2306022],[55.2936701,-21.2306581],[55.2936982,-21.2306972],[55.2937512,-21.230707],[55.2938691,-21.2306841],[55.2939112,-21.230637],[55.2939391,-21.2305342],[55.2939691,-21.2304821],[55.2940282,-21.2304471],[55.2940961,-21.230463],[55.2941441,-21.230508],[55.2941252,-21.230655],[55.2941641,-21.230687],[55.2942141,-21.230628],[55.2942872,-21.230587],[55.2943582,-21.2306249],[55.2945852,-21.2308149],[55.2946453,-21.2308839],[55.2947823,-21.2308939],[55.2948704,-21.2309559],[55.2950424,-21.2311047],[55.2951244,-21.2311488],[55.2953225,-21.2312047],[55.2953894,-21.2312507],[55.2954146,-21.2314327],[55.2954376,-21.2315138],[55.2954497,-21.2316677],[55.2955187,-21.2316906],[55.2955706,-21.2317296],[55.2955716,-21.2317827],[55.2954336,-21.2318547],[55.2954637,-21.2319797],[55.2955067,-21.2320137],[55.2956557,-21.2319737],[55.2957257,-21.2319416],[55.2957866,-21.2318945],[55.2958487,-21.2318895],[55.2958767,-21.2319356],[55.2959518,-21.2321406],[55.2960068,-21.2321845],[55.2960789,-21.2321655],[55.2961728,-21.2320765],[55.2962229,-21.2320625],[55.2963559,-21.2320745],[55.2963548,-21.2321045],[55.2963249,-21.2321715],[55.2963457,-21.2321944],[55.2964138,-21.2322484],[55.2964288,-21.2322544],[55.2964549,-21.2322445],[55.2965628,-21.2321364],[55.2965859,-21.2321274],[55.2966568,-21.2321684],[55.2966779,-21.2321883],[55.296694,-21.2322373],[55.296783,-21.2323224],[55.296824,-21.2323813],[55.296833,-21.2324393],[55.296892,-21.2325603],[55.2968959,-21.2326122],[55.2969531,-21.2327113],[55.2969611,-21.2327523],[55.2969461,-21.2327993],[55.2969761,-21.2328463],[55.2971311,-21.2329892],[55.2971561,-21.2330472],[55.2971902,-21.2330792],[55.2972302,-21.2330852],[55.2972622,-21.2331332],[55.2973433,-21.2333562],[55.2973793,-21.2333981],[55.2974393,-21.2334351],[55.2976593,-21.23346],[55.2977264,-21.2334832],[55.2978374,-21.233557],[55.2980354,-21.233756],[55.2982766,-21.2339289],[55.2983485,-21.234061],[55.2984385,-21.2341189],[55.2985676,-21.2342529],[55.2986476,-21.2343079],[55.2987427,-21.2343458],[55.2988528,-21.2345128],[55.2989207,-21.2345438],[55.2990198,-21.2345047],[55.2991427,-21.2344307],[55.2992649,-21.2343857],[55.2993577,-21.2343856],[55.2994688,-21.2344696],[55.2995188,-21.2345376],[55.2995099,-21.2346446],[55.2994719,-21.2347496],[55.2995258,-21.2347966],[55.2995838,-21.2348086],[55.2996728,-21.2347565],[55.2997489,-21.2348316],[55.2998189,-21.2348195],[55.2998819,-21.2347826],[55.3000209,-21.2347605],[55.3001859,-21.2347855],[55.3003269,-21.2348374],[55.300469,-21.2349533],[55.300533,-21.2350194],[55.3005701,-21.2350824],[55.3005881,-21.2351924],[55.300562,-21.2354488],[55.3005922,-21.2354983],[55.3006432,-21.2355533],[55.3007112,-21.2355943],[55.3007803,-21.2356153],[55.3009252,-21.2355603],[55.3009823,-21.2355573],[55.3011482,-21.2356182],[55.3012883,-21.2356201],[55.3014374,-21.2355992],[55.3015043,-21.2356311],[55.3015673,-21.2356851],[55.3016224,-21.235769],[55.3016424,-21.235836],[55.3016834,-21.235889],[55.3018705,-21.236056],[55.3018484,-21.236157],[55.3019196,-21.2361959],[55.3019955,-21.2362129],[55.3020734,-21.236263],[55.3021946,-21.236447],[55.3022606,-21.2364959],[55.3024557,-21.2365638],[55.3027707,-21.2366327],[55.3028848,-21.2366788],[55.3030967,-21.2367206],[55.3033127,-21.2367476],[55.3034318,-21.2367356],[55.3035579,-21.2367057],[55.3037239,-21.2366395],[55.3038987,-21.2364975],[55.3039577,-21.2364747],[55.3040348,-21.2364704],[55.3041338,-21.2365174],[55.3042199,-21.2365804],[55.3042919,-21.2366314],[55.3044099,-21.2366444],[55.3045119,-21.2366984],[55.3045709,-21.2367314],[55.3046579,-21.2367373],[55.304814,-21.2366793],[55.3048758,-21.2366893],[55.3049239,-21.2367312],[55.304998,-21.2368611],[55.304956,-21.2369572],[55.305004,-21.2369782],[55.305088,-21.2369702],[55.305298,-21.2370702],[55.305388,-21.2370421],[55.3054441,-21.2369751],[55.3054841,-21.2368971],[55.3055301,-21.23685],[55.305572,-21.236863],[55.305617,-21.236889],[55.3056341,-21.236947],[55.3056361,-21.237029],[55.3056931,-21.2370701],[55.3057782,-21.237097],[55.3059692,-21.237196],[55.3062833,-21.2374559],[55.3064003,-21.2375349],[55.3065284,-21.2375978],[55.3069103,-21.2377287],[55.3070675,-21.2377626],[55.3071794,-21.2377446],[55.3073505,-21.2377915],[55.3074456,-21.2378606],[55.3075155,-21.2379335],[55.3075435,-21.2379906],[55.3075266,-21.2380555],[55.3075306,-21.2381425],[55.3076636,-21.2383125],[55.3077567,-21.2384655],[55.3077398,-21.2386215],[55.3077847,-21.2387015],[55.3079288,-21.2388244],[55.3080739,-21.2389254],[55.3082249,-21.2390844],[55.3084199,-21.2391713],[55.308506,-21.2391723],[55.3085949,-21.2391253],[55.3086829,-21.2390152],[55.3087269,-21.2390022],[55.3087619,-21.2389672],[55.308808,-21.2389712],[55.3088419,-21.2390051],[55.3088869,-21.2389871],[55.309014,-21.2390442],[55.3094011,-21.239288],[55.3095992,-21.23946],[55.3096292,-21.239539],[55.3096962,-21.2395679],[55.3097322,-21.239584],[55.3098312,-21.2395819],[55.3098822,-21.2396039],[55.3099532,-21.2396949],[55.3100412,-21.2397439],[55.3101433,-21.2398249],[55.3101882,-21.2398309],[55.3102323,-21.2398199],[55.3102883,-21.2398468],[55.3103194,-21.2400368],[55.3103713,-21.2400778],[55.3106383,-21.2400827],[55.3107184,-21.2400567],[55.3107754,-21.2400856],[55.3108465,-21.2401726],[55.3109065,-21.2402876],[55.3111056,-21.2405535],[55.3112177,-21.2407886],[55.3112397,-21.2409095],[55.3112267,-21.2409936],[55.3112117,-21.2410196],[55.3111467,-21.2409915],[55.3110177,-21.2410336],[55.3109527,-21.2410757],[55.3108807,-21.2411567],[55.3109068,-21.2413346],[55.3108488,-21.2413997],[55.3108158,-21.2414697],[55.3108029,-21.2415407],[55.3108209,-21.2416906],[55.3110539,-21.2415806],[55.3111298,-21.2415095],[55.3111839,-21.2414915],[55.3112468,-21.2415136],[55.3112809,-21.2415855],[55.3111669,-21.2417265],[55.3111789,-21.2417935],[55.3111539,-21.2418865],[55.3110159,-21.2420595],[55.3109581,-21.2421546],[55.3109721,-21.2422216],[55.3109051,-21.2423936],[55.310912,-21.2424506],[55.3109992,-21.2424305],[55.3112371,-21.2423136],[55.3114361,-21.2421464],[55.311553,-21.2420704],[55.3116591,-21.2420244],[55.3117591,-21.2420134],[55.311864,-21.2420274],[55.3119821,-21.2420864],[55.3120672,-21.2421763],[55.3121642,-21.2424382],[55.3122822,-21.2425912],[55.3122932,-21.2426963],[55.3122893,-21.2427902],[55.3123863,-21.2428652],[55.3125155,-21.2431831],[55.3125405,-21.2432851],[55.3126425,-21.2433452],[55.3126465,-21.2433942],[55.3126295,-21.2434452],[55.3126775,-21.2434652],[55.3127335,-21.2434331],[55.3127965,-21.2433571],[55.3129887,-21.2435021],[55.3131496,-21.2435741],[55.3131646,-21.243602],[55.3131277,-21.243656],[55.3131206,-21.243705],[55.3131386,-21.24375],[55.3131957,-21.2438271],[55.3132087,-21.243913],[55.3131478,-21.244022],[55.3131057,-21.2441339],[55.3130898,-21.2442481],[55.3130978,-21.244327],[55.3130898,-21.2444211],[55.3130519,-21.244513],[55.3130429,-21.244592],[55.3131159,-21.2446701],[55.3133059,-21.244747],[55.3134161,-21.244889],[55.313565,-21.2448659],[55.313591,-21.2448908],[55.3136471,-21.2449119],[55.313911,-21.2447498],[55.313963,-21.2447507],[55.313999,-21.2448058],[55.3139971,-21.2449118],[55.3140351,-21.2449758],[55.3141541,-21.2449938],[55.3142861,-21.2449478],[55.3144831,-21.2448297],[55.314811,-21.2445145],[55.31487,-21.2444875],[55.3149361,-21.2444176],[55.3149871,-21.2443306],[55.3150361,-21.2442825],[55.3151271,-21.2442775],[55.315115,-21.2443375],[55.3151271,-21.2443905],[55.315162,-21.2444404],[55.3152271,-21.2444395],[55.3152401,-21.2444884],[55.3152181,-21.2446395],[55.3151942,-21.2447155],[55.3151941,-21.2447715],[55.3152841,-21.2448114],[55.3153231,-21.2448474],[55.3153672,-21.2449143],[55.3155634,-21.2450894],[55.3156193,-21.2451643],[55.3156694,-21.2451993],[55.3158493,-21.2452033],[55.3159744,-21.2452403],[55.3160514,-21.2452492],[55.3161374,-21.2452322],[55.3162284,-21.2452402],[55.3162914,-21.2452932],[55.3163085,-21.2454512],[55.3164325,-21.2455642],[55.3164385,-21.2456372],[55.3164046,-21.2457231],[55.3164097,-21.2458422],[55.3163427,-21.2459561],[55.3163586,-21.2460241],[55.3164047,-21.2460801],[55.3164577,-21.246124],[55.3165296,-21.2461432],[55.3165747,-21.2461121],[55.3165276,-21.2460301],[55.3164676,-21.2459722],[55.3164646,-21.2459542],[55.3166017,-21.2460171],[55.3167446,-21.245994],[55.3169227,-21.245994],[55.3170097,-21.246009],[55.3171647,-21.2460999],[55.3172167,-21.2461309],[55.3172928,-21.246148],[55.3174158,-21.2462749],[55.3175059,-21.2463499],[55.3176299,-21.2463858],[55.3176658,-21.2464148],[55.3177279,-21.2464918],[55.31781,-21.2465658],[55.3179429,-21.2466457],[55.3181859,-21.2468216],[55.3184341,-21.2469567],[55.3186872,-21.2471386],[55.3188303,-21.2472595],[55.3190263,-21.2474555],[55.3193094,-21.2476674],[55.3195315,-21.2478803],[55.3196485,-21.2480112],[55.3199626,-21.2482892],[55.3202066,-21.2486071],[55.3203028,-21.2487621],[55.3204388,-21.2489472],[55.3205219,-21.2490081],[55.3205619,-21.249062],[55.320582,-21.24924],[55.320688,-21.249469],[55.3208632,-21.249695],[55.3208692,-21.249842],[55.3208821,-21.2498749],[55.3208752,-21.249912],[55.3209231,-21.2499729],[55.3209082,-21.2500459],[55.3208792,-21.250098],[55.3208823,-21.250162],[55.3209623,-21.2502189],[55.3210223,-21.250238],[55.3210253,-21.2503249],[55.3210424,-21.2503859],[55.3211344,-21.2504779],[55.3211434,-21.2505659],[55.3210745,-21.2507699],[55.3210624,-21.2508678],[55.3211115,-21.2509739],[55.3211005,-21.2511638],[55.3210236,-21.2512308],[55.3209364,-21.2512459],[55.3208575,-21.25128],[55.3207936,-21.251365],[55.3207056,-21.25142],[55.3204795,-21.251452],[55.3203955,-21.251513],[55.3202956,-21.2517481],[55.3202317,-21.2520171],[55.3202357,-21.2520902],[55.3203659,-21.252299],[55.3204188,-21.25243],[55.3204959,-21.2525701],[55.320637,-21.2527],[55.3208349,-21.2527969],[55.321007,-21.2528078],[55.321249,-21.2525828],[55.3213218,-21.2525149],[55.3214508,-21.2525068],[55.3220065,-21.2528901],[55.3224812,-21.2530475],[55.3226973,-21.2531784],[55.3233963,-21.2534903],[55.3236404,-21.2536331],[55.3238776,-21.2537931],[55.3243746,-21.254095],[55.3246127,-21.2542629],[55.3248417,-21.2543908],[55.325369,-21.2547197],[55.325619,-21.2549137],[55.3260273,-21.2553046],[55.3262463,-21.2554345],[55.3264324,-21.2556014],[55.3265614,-21.2557864],[55.3267405,-21.2559433],[55.3275118,-21.2563822],[55.3286659,-21.2571638],[55.328925,-21.2573618],[55.3291662,-21.2575706],[55.3292942,-21.2577526],[55.3294583,-21.2578637],[55.3296863,-21.2579835],[55.3298595,-21.2581755],[55.3300025,-21.2583795],[55.3302226,-21.2585655],[55.3304276,-21.2587113],[55.3306157,-21.2589143],[55.3307748,-21.2591763],[55.3309572,-21.2594637],[55.3310629,-21.2597093],[55.331333,-21.2601751],[55.3314301,-21.2603761],[55.3315312,-21.2607321],[55.3316073,-21.260823],[55.3316433,-21.260955],[55.3316384,-21.261085],[55.3316554,-21.2612021],[55.3317364,-21.261335],[55.3317545,-21.261474],[55.3317415,-21.26161],[55.3317755,-21.261734],[55.3318416,-21.2618669],[55.3318336,-21.261995],[55.3317887,-21.262071],[55.3318096,-21.26216],[55.3318587,-21.2622679],[55.3318677,-21.262398],[55.3318637,-21.2624063],[55.3318137,-21.2625089],[55.3317959,-21.2626209],[55.3318149,-21.262686],[55.3318308,-21.262741],[55.3317899,-21.2629959],[55.3318119,-21.2631331],[55.331836,-21.2632879],[55.33182,-21.2634369],[55.3318221,-21.2635586],[55.3318231,-21.2636179],[55.3318192,-21.2636792],[55.3318155,-21.2637383],[55.331812,-21.2637941],[55.3318102,-21.263822],[55.3317988,-21.263915],[55.3317822,-21.2640499],[55.3316772,-21.2644289],[55.3315353,-21.2647245],[55.3314542,-21.264881],[55.3313498,-21.2649915],[55.3312189,-21.2652141],[55.3311184,-21.2653821],[55.3310635,-21.2654603],[55.3310438,-21.2655668],[55.3310816,-21.2656502],[55.3312521,-21.2656474],[55.3314657,-21.2655873],[55.331568,-21.2655507],[55.3316548,-21.2655013],[55.3317317,-21.2654699],[55.332074,-21.2654867],[55.3322639,-21.2656057],[55.3324124,-21.2657335],[55.3326409,-21.2660347],[55.3327608,-21.2662047],[55.3329931,-21.2665865],[55.333224,-21.2670975],[55.333244,-21.2671419],[55.3336065,-21.2676315],[55.3340487,-21.2683024],[55.3343368,-21.2689542],[55.334553,-21.2695362],[55.3345381,-21.2696291],[55.3345371,-21.2698081],[55.3344631,-21.2701801],[55.3344392,-21.2702522],[55.3341053,-21.2705102],[55.3336914,-21.2708963],[55.3335903,-21.2709184],[55.3335054,-21.2709233],[55.3334654,-21.2709904],[55.3334203,-21.2710295],[55.3331774,-21.2710735],[55.3329413,-21.2712145],[55.3327085,-21.2714407],[55.3326085,-21.2715726],[55.3323715,-21.2720467],[55.3322716,-21.2722827],[55.3321987,-21.2724537],[55.3322026,-21.2725998],[55.3322377,-21.2728797],[55.3322578,-21.2730417],[55.3323679,-21.2733795],[55.3326831,-21.2738995],[55.3328882,-21.2742934],[55.3329702,-21.2744315],[55.3332014,-21.2748194],[55.3330935,-21.2749384],[55.3331014,-21.2749774],[55.3332575,-21.2749754],[55.3333135,-21.2750664],[55.3333695,-21.2752003],[55.3333435,-21.2752943],[55.3334056,-21.2754134],[55.3335016,-21.2755333],[55.3336367,-21.2756153],[55.3337407,-21.2756952],[55.3338398,-21.2758082],[55.3337878,-21.2758602],[55.3337368,-21.2759342],[55.3337428,-21.2760473],[55.3337238,-21.2761472],[55.3338408,-21.2761933],[55.3340329,-21.2760921],[55.3341009,-21.2761882],[55.3341529,-21.2764341],[55.3342659,-21.2765781],[55.3343929,-21.2765701],[55.3346121,-21.276655],[55.334724,-21.276725],[55.3347651,-21.276824],[55.3346332,-21.2769691],[55.3346772,-21.277085],[55.3348062,-21.2771039],[55.3349133,-21.277097],[55.3350472,-21.2771668],[55.3351514,-21.2772868],[55.3352413,-21.2774418],[55.3353725,-21.2778098],[55.3354635,-21.2779198],[55.3356176,-21.2779027],[55.3357146,-21.2777917],[55.3356704,-21.2776206],[55.3357584,-21.2775087],[55.3359964,-21.2774966],[55.3361565,-21.2775866],[55.3361225,-21.2777387],[55.3360296,-21.2778606],[55.3360276,-21.2779706],[55.3363406,-21.2779785],[55.3363967,-21.2780925],[55.3362907,-21.2782766],[55.3363567,-21.2783495],[55.3364987,-21.2783515],[55.3366058,-21.2782535],[55.3367117,-21.2781875],[55.3368397,-21.2782744],[55.3369398,-21.2783703],[55.3369148,-21.2784414],[55.3368538,-21.2784864],[55.3368879,-21.2785795],[55.337013,-21.2786444],[55.3371919,-21.2786493],[55.3373538,-21.2785623],[55.3374879,-21.2785202],[55.3376189,-21.2785131],[55.3376659,-21.2785742],[55.3375819,-21.2787582],[55.337609,-21.2788192],[55.337706,-21.2788812],[55.337803,-21.2788761],[55.3379231,-21.278845],[55.3380661,-21.2788301],[55.338177,-21.278878],[55.3382461,-21.2789861],[55.3382641,-21.279115],[55.3382542,-21.2792391],[55.3383432,-21.2794991],[55.3383823,-21.279676],[55.3383843,-21.279775],[55.3384933,-21.279856],[55.3386544,-21.2799179],[55.3387725,-21.2799929],[55.3390245,-21.2801929],[55.3390616,-21.2802878],[55.3390875,-21.2803968],[55.3390906,-21.2805008],[55.3391256,-21.2806058],[55.3391737,-21.2807027],[55.3393517,-21.2808466],[55.3394518,-21.2808906],[55.3394818,-21.2810168],[55.3395409,-21.2810396],[55.3396038,-21.2809547],[55.3397297,-21.2808596],[55.3397958,-21.2808316],[55.3398248,-21.2808666],[55.3398228,-21.2809566],[55.3398748,-21.2809717],[55.3399538,-21.2809216],[55.3400147,-21.2808515],[55.3400657,-21.2808225],[55.3402498,-21.2809315],[55.3403299,-21.2809355],[55.3404337,-21.2808673],[55.3405328,-21.2807155],[55.3406347,-21.2805035],[55.3408608,-21.2802754],[55.3409337,-21.2802724],[55.3408578,-21.2803764],[55.3407327,-21.2804853],[55.3406698,-21.2805664],[55.3406268,-21.2806525],[55.3406118,-21.2807464],[55.3405259,-21.2809534],[55.3404329,-21.2812444],[55.3404279,-21.2813175],[55.340488,-21.2814154],[55.34063,-21.2815754],[55.3407351,-21.2815983],[55.3408481,-21.2815633],[55.340961,-21.2815513],[55.341107,-21.2815903],[55.3412311,-21.2816282],[55.3412811,-21.2817023],[55.3413552,-21.2817742],[55.3414672,-21.2817822],[55.3415792,-21.2817302],[55.3416351,-21.2816231],[55.3416541,-21.2813641],[55.3416771,-21.2812431],[55.3417201,-21.2811812],[55.3417781,-21.2811971],[55.3418481,-21.2811911],[55.341911,-21.281126],[55.341884,-21.2810421],[55.341845,-21.2809841],[55.3417689,-21.2807172],[55.341924,-21.2810331],[55.341965,-21.2811041],[55.3420051,-21.2811341],[55.342044,-21.2810711],[55.3419991,-21.2809631],[55.3420961,-21.281042],[55.3421309,-21.2809531],[55.342105,-21.2809091],[55.3421539,-21.2809071],[55.342188,-21.2809451],[55.3421851,-21.281014],[55.3422311,-21.281045],[55.3422981,-21.2809871],[55.3422999,-21.280797],[55.342336,-21.2807099],[55.342368,-21.2807049],[55.342412,-21.2808229],[55.3425821,-21.2811769],[55.3425871,-21.2812479],[55.3425363,-21.2815442],[55.3425598,-21.2817391],[55.3427321,-21.2813343],[55.3428286,-21.2810944],[55.342959,-21.2809998],[55.3434739,-21.2812557],[55.3454167,-21.2814245],[55.3465068,-21.2817685],[55.347511,-21.2819684],[55.34885,-21.2821523],[55.3507983,-21.2823923],[55.3516965,-21.2823114],[55.3527124,-21.2825122],[55.3540998,-21.2829992],[55.3553474,-21.283328],[55.3566091,-21.283472],[55.358051,-21.2838319],[55.3596818,-21.2837279],[55.361098,-21.2838878],[55.3620422,-21.2838079],[55.3648917,-21.2842477],[55.3663337,-21.2845836],[55.3682048,-21.2853514],[55.3700931,-21.2858073],[55.3703993,-21.2858591],[55.3725993,-21.2862311],[55.3736465,-21.2864711],[55.3761184,-21.2869829],[55.377423,-21.2872868],[55.3794486,-21.2878066],[55.3828818,-21.2891662],[55.3840835,-21.2894861],[55.3853881,-21.2899259],[55.3865039,-21.2904458],[55.3890788,-21.2915494],[55.3910733,-21.2925517],[55.3913663,-21.2926989],[55.3920228,-21.2930289],[55.3944261,-21.2942844],[55.3948575,-21.2945704],[55.3959024,-21.2952281],[55.3970782,-21.2958678],[55.3980481,-21.2967475],[55.398194,-21.2973073],[55.3985202,-21.2977231],[55.398709,-21.298123],[55.3989526,-21.2983699],[55.399037,-21.298501],[55.3991161,-21.2985985],[55.3992878,-21.2987909],[55.3994983,-21.2990533],[55.3996646,-21.2992083],[55.3998229,-21.299342],[55.3999718,-21.2994719],[55.4000824,-21.299575],[55.400195,-21.2996918],[55.4003345,-21.2998218],[55.4004908,-21.2999905],[55.4006463,-21.3001466],[55.4010996,-21.3006227],[55.4012632,-21.3007651],[55.4015878,-21.30108],[55.402296,-21.3019365],[55.4026081,-21.3022338],[55.4038017,-21.3033166],[55.4041332,-21.3036364],[55.4044862,-21.3039281],[55.4051662,-21.3044882],[55.4059888,-21.305171],[55.4062823,-21.3054526],[55.4064674,-21.3056332],[55.4067831,-21.3059415],[55.4067954,-21.3059545],[55.4075924,-21.3066587],[55.4085752,-21.307527],[55.4090173,-21.3089183],[55.4101674,-21.3104216],[55.4105365,-21.3114611],[55.4105107,-21.3128205],[55.4109056,-21.3135241],[55.4114549,-21.3144197],[55.4124893,-21.3153324],[55.4141585,-21.3169144],[55.4154778,-21.3184498],[55.4163129,-21.3191532],[55.4175489,-21.3200488],[55.4180896,-21.3202247],[55.4191196,-21.3209922],[55.4201495,-21.3217438],[55.4227934,-21.3231686],[55.4228103,-21.323175],[55.4256856,-21.3247501],[55.427016,-21.32507],[55.4297583,-21.3262254],[55.430432,-21.3262453],[55.4318588,-21.3262708],[55.4337794,-21.3268289],[55.4353416,-21.3270128],[55.4361999,-21.326725],[55.437141,-21.3270599],[55.4380195,-21.3270688],[55.4391244,-21.3274321],[55.4395902,-21.3275725],[55.439748,-21.3276056],[55.4413068,-21.3279323],[55.4426543,-21.3279962],[55.443103,-21.3281545],[55.4437358,-21.328332],[55.4444403,-21.3283234],[55.4454696,-21.3283161],[55.4460017,-21.3280122],[55.4465425,-21.3279323],[55.4473579,-21.3281322],[55.4481589,-21.3282167],[55.448629,-21.328186],[55.4488904,-21.3282412],[55.4491541,-21.3283515],[55.4499222,-21.3287156],[55.4503202,-21.3289606],[55.4506282,-21.3291626],[55.4509026,-21.329339],[55.4510992,-21.3294955],[55.4513204,-21.3296758],[55.4514493,-21.3298541],[55.4513361,-21.3300695],[55.4512756,-21.3301335],[55.4511414,-21.3303065],[55.4511123,-21.3304764],[55.4510459,-21.3305805],[55.4510569,-21.3306656],[55.4508894,-21.3308597],[55.4508105,-21.3308853],[55.4506973,-21.3310546],[55.4506253,-21.3310482],[55.4505568,-21.3311568],[55.4507248,-21.3311376],[55.4507934,-21.3310833],[55.4510025,-21.3309907],[55.4510574,-21.3308725],[55.451174,-21.3307543],[55.4512631,-21.330569],[55.4512666,-21.3304285],[55.4512889,-21.3303468],[55.4514501,-21.3302159],[55.4515381,-21.3300825],[55.4516327,-21.3299358],[55.4517058,-21.3298484],[55.4518448,-21.329851],[55.4520789,-21.3298766],[55.452304,-21.3299617],[55.4525268,-21.3300876],[55.4529454,-21.3304411],[55.4527714,-21.3304773],[55.4527842,-21.3305892],[55.4529025,-21.3306076],[55.453054,-21.330595],[55.4533042,-21.3305967],[55.4534828,-21.3306528],[55.4537911,-21.3307124],[55.4540884,-21.3308621],[55.45426,-21.3308737],[55.454534,-21.3309975],[55.4547445,-21.3311827],[55.4548653,-21.3313303],[55.4549521,-21.3315164],[55.4549799,-21.3317431],[55.4549242,-21.3318367],[55.4549199,-21.3319825],[55.4548687,-21.332016],[55.4548228,-21.3321037],[55.454845,-21.3321881],[55.4548016,-21.3322637],[55.4546634,-21.3323725],[55.4546074,-21.3325145],[55.4545684,-21.3326478],[55.4545082,-21.3327277],[55.4545015,-21.3328619],[55.4543967,-21.3329221],[55.4543846,-21.3332552],[55.4543298,-21.3334998],[55.4542034,-21.3337155],[55.4540298,-21.3341389],[55.4540269,-21.3344403],[55.4540093,-21.3347586],[55.4542101,-21.3350733],[55.4544345,-21.3352888],[55.4545716,-21.3353143],[55.4547739,-21.3352856],[55.4549932,-21.3354262],[55.4556228,-21.3361192],[55.4557757,-21.3363442],[55.4560473,-21.3366491],[55.45604,-21.3367801],[55.4561126,-21.3368627],[55.4561799,-21.3368746],[55.4561884,-21.3369353],[55.4561147,-21.3370104],[55.4561627,-21.3371158],[55.4562296,-21.337103],[55.4562262,-21.3371605],[55.456137,-21.3372467],[55.456125,-21.3373681],[55.4562485,-21.3373537],[55.4562965,-21.3372979],[55.4562742,-21.3374033],[55.4563768,-21.3374783],[55.456173,-21.3375662],[55.4560804,-21.3378089],[55.4563014,-21.3382458],[55.456663,-21.3385221],[55.4570082,-21.3387858],[55.4570222,-21.3389163],[55.4570832,-21.3390456],[55.4573832,-21.3393348],[55.4575723,-21.3394928],[55.4580135,-21.339818],[55.4585488,-21.3403615],[55.4594313,-21.3410959],[55.4601848,-21.3414637],[55.4605656,-21.341608],[55.4608948,-21.3417535],[55.4615199,-21.341845],[55.4622241,-21.3418753],[55.4624715,-21.3418537],[55.4627691,-21.3418895],[55.4627814,-21.3418598],[55.4630049,-21.3419367],[55.4631003,-21.3419219],[55.463613,-21.3420675],[55.4636501,-21.3420322],[55.4641266,-21.3422424],[55.4646519,-21.3424422],[55.4650707,-21.3428393],[55.4660113,-21.3431406],[55.4668054,-21.3434056],[55.4672304,-21.3435228],[55.4672768,-21.3435356],[55.4673851,-21.34362],[55.467328,-21.3436742],[55.4673461,-21.3437253],[55.467434,-21.3437718],[55.4674369,-21.3439052],[55.4677252,-21.3440689],[55.4679141,-21.3440725],[55.4680696,-21.344096],[55.4682208,-21.3440508],[55.4686652,-21.3441413],[55.4696504,-21.3444157],[55.4698299,-21.344522],[55.4699841,-21.3446007],[55.4701196,-21.3446394],[55.4703744,-21.3446456],[55.470601,-21.3446344],[55.4709296,-21.3446094],[55.4711884,-21.3445957],[55.4714097,-21.3445694],[55.4716256,-21.3445669],[55.4719327,-21.3445819],[55.4721098,-21.3445757],[55.4722412,-21.3445594],[55.4723592,-21.3445544],[55.4724558,-21.3445694],[55.4725966,-21.3445994],[55.472783,-21.3446256],[55.4729024,-21.3446231],[55.4731733,-21.3445794],[55.4733342,-21.3445669],[55.4735461,-21.3445657],[55.4740241,-21.3445888],[55.4743244,-21.3445995],[55.4746807,-21.3446219],[55.4748,-21.3446519],[55.474847,-21.3446744],[55.4748872,-21.3446968],[55.4748994,-21.3447793],[55.4749048,-21.3462962],[55.4749252,-21.3463446],[55.474975,-21.3463756],[55.4763823,-21.3461148],[55.4771672,-21.3459638],[55.4772587,-21.3460321],[55.4773349,-21.3461781],[55.4773953,-21.3462474],[55.4774405,-21.3462411],[55.4774878,-21.3462062],[55.4775897,-21.3461404],[55.4775135,-21.3459447],[55.4774621,-21.3457238],[55.4773973,-21.3454364],[55.4776453,-21.3452167],[55.4777645,-21.3453266],[55.4778506,-21.3454554],[55.4780789,-21.3458765],[55.4781423,-21.3459116],[55.4786625,-21.3460723],[55.4787013,-21.346021],[55.4787186,-21.3459538],[55.4787105,-21.3458787],[55.4784299,-21.3458],[55.4781466,-21.3457174],[55.4780952,-21.34573],[55.4780361,-21.345602],[55.4782786,-21.3454915],[55.478293,-21.3454578],[55.4782644,-21.3454099],[55.4782359,-21.345404],[55.4779948,-21.3454983],[55.4779323,-21.3453882],[55.4778396,-21.3452629],[55.4777221,-21.3451469],[55.4779132,-21.3449603],[55.4779093,-21.3449205],[55.4778787,-21.3448886],[55.4778251,-21.3448899],[55.4776287,-21.3450657],[55.4772988,-21.3448611],[55.4772472,-21.3447938],[55.4772022,-21.3447922],[55.4771709,-21.3448016],[55.4771472,-21.3448217],[55.4771376,-21.3448399],[55.4771329,-21.3448724],[55.4771001,-21.3448778],[55.4770634,-21.3448838],[55.4770169,-21.3449409],[55.4771674,-21.345594],[55.4771501,-21.345642],[55.4771025,-21.3456553],[55.4756927,-21.3459103],[55.4752552,-21.3455137],[55.4752573,-21.3444414],[55.4752537,-21.3443685],[55.4752353,-21.3443315],[55.4751899,-21.3442992],[55.4750583,-21.3442948],[55.475057,-21.3442393],[55.4747182,-21.3442457],[55.4746803,-21.3442464],[55.4741165,-21.344257],[55.47409,-21.3442492],[55.4740704,-21.3442343],[55.4740565,-21.3442099],[55.4740524,-21.344185],[55.4740551,-21.3441587],[55.4740651,-21.3441385],[55.4740987,-21.3441137],[55.4741266,-21.3441027],[55.4746769,-21.3440997],[55.4747134,-21.3440995],[55.4753034,-21.3440962],[55.4753841,-21.3440955],[55.4753846,-21.3440184],[55.4756212,-21.3440255],[55.4756342,-21.3439541],[55.4763399,-21.34403],[55.4763452,-21.343985],[55.4764872,-21.3439963],[55.4764899,-21.3439819],[55.4769103,-21.3440294],[55.4769515,-21.3440435],[55.476985,-21.3440801],[55.4770098,-21.344131],[55.4770086,-21.3441699],[55.4770229,-21.3442621],[55.477017,-21.3442767],[55.4770119,-21.3442864],[55.4770143,-21.3443004],[55.4770207,-21.3443137],[55.4770341,-21.3443223],[55.4770495,-21.3443257],[55.4770776,-21.3443263],[55.4771232,-21.3442929],[55.4771259,-21.3442384],[55.4776227,-21.3442483],[55.477942,-21.3442978],[55.478266,-21.3443801],[55.4783044,-21.3443751],[55.478346,-21.3443538],[55.4783769,-21.3443239],[55.4784016,-21.3442824],[55.4784342,-21.3441533],[55.4784493,-21.344109],[55.4784772,-21.3440856],[55.4785648,-21.343694],[55.4785871,-21.3436069],[55.4786986,-21.343171],[55.4787476,-21.3430449],[55.4787569,-21.3430049],[55.4787583,-21.3429674],[55.4787657,-21.3429181],[55.4787824,-21.3428762],[55.4788064,-21.3428219],[55.4788944,-21.342717],[55.4789266,-21.342652],[55.4790221,-21.3424232],[55.4790956,-21.3422585],[55.4791224,-21.3421736],[55.4791398,-21.3419375],[55.4791291,-21.3417776],[55.4791358,-21.341589],[55.4792014,-21.3415326],[55.479227,-21.3414934],[55.4792662,-21.3414552],[55.4793064,-21.3414219],[55.4793513,-21.3413901],[55.4793987,-21.341363],[55.4794555,-21.3413388],[55.4795159,-21.3413297],[55.4795756,-21.3413341],[55.4796299,-21.3413429],[55.4796875,-21.3413647],[55.4797411,-21.3414096],[55.4797861,-21.3414646],[55.4797976,-21.3415143],[55.4797876,-21.3415714],[55.4797434,-21.3416714],[55.4796669,-21.3418036],[55.4795111,-21.3422993],[55.4793828,-21.3428924],[55.4792854,-21.3431845],[55.4790059,-21.3437894],[55.4789606,-21.3438595],[55.4789549,-21.3438871],[55.4789273,-21.3440647],[55.4789368,-21.3441418],[55.4789556,-21.3442093],[55.4789682,-21.3442369],[55.4790074,-21.3442646],[55.4792022,-21.3443564],[55.479384,-21.3444372],[55.4794992,-21.3445036],[55.4795931,-21.3445877],[55.4796905,-21.344726],[55.4798628,-21.3449584],[55.4800885,-21.3452162],[55.4801681,-21.3453147],[55.4802311,-21.3454298],[55.4802941,-21.3455637],[55.4803368,-21.3456865],[55.4803713,-21.3459609],[55.4803879,-21.3462298],[55.480401,-21.3464866],[55.4804069,-21.3467112],[55.4803986,-21.3468086],[55.4803844,-21.3468473],[55.4802151,-21.3469659],[55.4801152,-21.3471589],[55.4791455,-21.3476768],[55.4790469,-21.347638],[55.4789327,-21.3475355],[55.4787183,-21.347648],[55.4786553,-21.3477283],[55.478681,-21.3477835],[55.4786154,-21.347862],[55.47863,-21.347965],[55.4786015,-21.3480732],[55.4785674,-21.3481213],[55.478613,-21.3481869],[55.4788014,-21.3482436],[55.4788741,-21.3481883],[55.4789543,-21.3481437],[55.4790545,-21.3481173],[55.4791626,-21.3479364],[55.4792846,-21.3479455],[55.4795062,-21.3478372],[55.4796296,-21.347706],[55.4799337,-21.3474901],[55.4800801,-21.3474144],[55.4802006,-21.3473465],[55.4803,-21.3474054],[55.4804537,-21.3474585],[55.4805557,-21.3475153],[55.4807648,-21.3474547],[55.4808391,-21.347528],[55.4809309,-21.347606],[55.4810213,-21.347662],[55.4811357,-21.3476699],[55.4813326,-21.347701],[55.4814401,-21.3477554],[55.4814429,-21.3478297],[55.4814356,-21.3479197],[55.4814379,-21.3479885],[55.4814757,-21.3480442],[55.4815621,-21.3481534],[55.4815922,-21.3483439],[55.4816126,-21.3483949],[55.481649,-21.3484612],[55.4816576,-21.3485153],[55.4816524,-21.3486503],[55.4816804,-21.3487129],[55.4817845,-21.348757],[55.4819936,-21.348774],[55.4820621,-21.3488026],[55.4821506,-21.3487751],[55.4822905,-21.3487534],[55.4824209,-21.3487845],[55.4826755,-21.3489155],[55.4831321,-21.3492141],[55.4832687,-21.349361],[55.4833187,-21.3494921],[55.4833771,-21.349641],[55.4834685,-21.3498106],[55.4836324,-21.3499781],[55.483768,-21.3501183],[55.4838185,-21.3502182],[55.4838384,-21.3503072],[55.4838396,-21.3505932],[55.4837589,-21.3507139],[55.4837055,-21.3508992],[55.4837662,-21.351231],[55.4839588,-21.351618],[55.4842441,-21.3518635],[55.4846281,-21.3519377],[55.4849702,-21.3518203],[55.4852047,-21.3514861],[55.4853166,-21.3512974],[55.4853795,-21.3512288],[55.485501,-21.3511781],[55.4856115,-21.3511083],[55.4858198,-21.35112],[55.4858895,-21.3509805],[55.4859774,-21.3509526],[55.4861048,-21.3509655],[55.486216,-21.3509753],[55.4862942,-21.3510437],[55.4863149,-21.3511962],[55.4863746,-21.3512146],[55.486709,-21.3509413],[55.4869598,-21.3506536],[55.4870416,-21.3505763],[55.4870754,-21.3504413],[55.4871938,-21.3504751],[55.4874294,-21.3503664],[55.4875523,-21.3501233],[55.4878055,-21.3500173],[55.4879049,-21.3499294],[55.4880361,-21.3499511],[55.488136,-21.35003],[55.4881881,-21.3501307],[55.4882903,-21.3504882],[55.4883653,-21.3505287],[55.4885611,-21.3504566],[55.4887064,-21.3503251],[55.4888655,-21.3502459],[55.4890083,-21.3502123],[55.4892384,-21.3503812],[55.4893287,-21.3503732],[55.4894554,-21.3504072],[55.4897711,-21.3507014],[55.4899748,-21.3508141],[55.4901358,-21.3507068],[55.4906011,-21.3505016],[55.490732,-21.3505141],[55.4908805,-21.3505914],[55.4910435,-21.3505582],[55.4913017,-21.3504566],[55.4915004,-21.3503024],[55.4917007,-21.350216],[55.4917472,-21.3501692],[55.4917746,-21.3500607],[55.4918211,-21.3500077],[55.4918597,-21.3499931],[55.4922618,-21.3499768],[55.4925714,-21.3499057],[55.4928303,-21.3498649],[55.4932215,-21.3499443],[55.493767,-21.3499953],[55.4942026,-21.3499471],[55.4942852,-21.3499925],[55.4944384,-21.3500784],[55.4947103,-21.350125],[55.4950724,-21.3499897],[55.4952728,-21.3500243],[55.4956759,-21.3500977],[55.4959252,-21.35032],[55.4962704,-21.3506674],[55.4966754,-21.35093],[55.4969555,-21.3509424],[55.4970743,-21.3508922],[55.4972623,-21.3509073],[55.4975697,-21.3506524],[55.497635,-21.350301],[55.4977639,-21.3503011],[55.497818,-21.3505807],[55.4978912,-21.3507004],[55.4979711,-21.350736],[55.4981874,-21.35066],[55.4984762,-21.3506591],[55.4985566,-21.3507659],[55.4986847,-21.3507728],[55.4991104,-21.3505902],[55.4992907,-21.3505262],[55.4995279,-21.3505439],[55.5009589,-21.3507077],[55.5013517,-21.350797],[55.5016309,-21.3509124],[55.5019119,-21.3508776],[55.5025095,-21.3511193],[55.5027546,-21.3512946],[55.503263,-21.3513497],[55.5035139,-21.3514546],[55.5036384,-21.3516677],[55.5038645,-21.3522946],[55.5042937,-21.3526623],[55.5047056,-21.353006],[55.5051863,-21.3533338],[55.5054438,-21.3536295],[55.5059073,-21.3537015],[55.506036,-21.3544449],[55.5064956,-21.3543069],[55.5068654,-21.3540556],[55.5068179,-21.353826],[55.5068476,-21.35378],[55.5069275,-21.3537198],[55.5069802,-21.3537175],[55.5070637,-21.3538485],[55.5073632,-21.3541399],[55.5081131,-21.3538933],[55.5081818,-21.354341],[55.5085594,-21.3548126],[55.5089886,-21.3546927],[55.5092032,-21.3550125],[55.5093834,-21.3548606],[55.50988,-21.3548237],[55.5106108,-21.3550844],[55.5114519,-21.3557319],[55.5125886,-21.3563491],[55.5127012,-21.3564441],[55.5126825,-21.3565115],[55.5127146,-21.356554],[55.5128032,-21.356509],[55.5129292,-21.3565165],[55.5129855,-21.3566139],[55.5129319,-21.3566914],[55.5129212,-21.3567588],[55.5129748,-21.3567688],[55.5130365,-21.3567288],[55.5131465,-21.3567863],[55.5132109,-21.3568487],[55.5131036,-21.3569137],[55.5130848,-21.3569786],[55.513117,-21.3570036],[55.5131813,-21.3569586],[55.5132967,-21.3569087],[55.5133476,-21.3569087],[55.5134013,-21.3569686],[55.5133084,-21.3570653],[55.5133825,-21.3571535],[55.5134613,-21.3571555],[55.513522,-21.3572209],[55.5135193,-21.3572759],[55.5135766,-21.3572934],[55.5136678,-21.3571854],[55.5136777,-21.357089],[55.5137368,-21.3569903],[55.5137911,-21.3570086],[55.5138651,-21.3568961],[55.5139514,-21.3569168],[55.5140081,-21.3570017],[55.513939,-21.3571097],[55.5139809,-21.3572245],[55.5141634,-21.3572199],[55.5143113,-21.357298],[55.5142966,-21.3573769],[55.5143755,-21.3574909],[55.5144642,-21.3574564],[55.5146245,-21.3572291],[55.5146886,-21.3572268],[55.514733,-21.3571717],[55.5148933,-21.3571349],[55.5149253,-21.35719],[55.5149697,-21.3572245],[55.5148735,-21.3574518],[55.514908,-21.3574817],[55.5150042,-21.3574416],[55.5151192,-21.3572917],[55.5152537,-21.3572382],[55.5152931,-21.3572715],[55.5153128,-21.3573499],[55.5152895,-21.3574232],[55.5152627,-21.3574549],[55.5152179,-21.3574665],[55.5151804,-21.3575632],[55.5152376,-21.3575898],[55.5152949,-21.3575665],[55.515379,-21.3576365],[55.5151804,-21.3577315],[55.5152054,-21.3578348],[55.5151696,-21.3579115],[55.5151929,-21.3580431],[55.5153647,-21.3581564],[55.5154881,-21.3583047],[55.5156384,-21.3584031],[55.515803,-21.3584331],[55.5158478,-21.3583931],[55.515905,-21.3584431],[55.5160553,-21.3584847],[55.5161699,-21.3584714],[55.5162676,-21.3583739],[55.5162235,-21.3583214],[55.5162629,-21.3582697],[55.5163023,-21.3583114],[55.5163917,-21.3582947],[55.5164758,-21.3582248],[55.5166401,-21.35825],[55.5167299,-21.3582114],[55.5168391,-21.3583314],[55.5169214,-21.3582797],[55.5169572,-21.3582947],[55.5169822,-21.3583531],[55.5170431,-21.3583314],[55.5171039,-21.3583481],[55.5170949,-21.3585264],[55.5172059,-21.3585614],[55.5173043,-21.358558],[55.5174296,-21.3585647],[55.5175799,-21.3584564],[55.5176067,-21.3583881],[55.5178823,-21.3583597],[55.5179878,-21.3581548],[55.5181813,-21.3581482],[55.5182061,-21.3582064],[55.51836,-21.3582614],[55.5185049,-21.3582214],[55.5185193,-21.3581348],[55.518598,-21.3580898],[55.5186624,-21.3581331],[55.5187407,-21.358118],[55.518726,-21.3579644],[55.5188038,-21.3579407],[55.5188467,-21.3579969],[55.5188574,-21.3580743],[55.5188977,-21.358148],[55.5190023,-21.3581942],[55.519068,-21.3582292],[55.5190827,-21.3584066],[55.5191672,-21.3584265],[55.5191377,-21.358444],[55.5191699,-21.3584728],[55.5192356,-21.358484],[55.5193107,-21.358474],[55.5193456,-21.3585052],[55.5196111,-21.3585452],[55.5196876,-21.3585277],[55.519701,-21.3585527],[55.5197586,-21.3585464],[55.519933,-21.3585115],[55.5200483,-21.3585402],[55.5199129,-21.3585889],[55.5197332,-21.3586763],[55.5195521,-21.3586901],[55.51954,-21.3587026],[55.519473,-21.3587001],[55.5194354,-21.3587113],[55.5194958,-21.3587513],[55.5194623,-21.358765],[55.519237,-21.3587675],[55.5192343,-21.3587838],[55.5191377,-21.358785],[55.5191256,-21.3588337],[55.5191793,-21.3588799],[55.5192611,-21.3588899],[55.5192839,-21.3589186],[55.5193349,-21.3589399],[55.5194274,-21.3589299],[55.5194448,-21.3589549],[55.5194757,-21.3589561],[55.5194931,-21.3590011],[55.5194636,-21.3590336],[55.5195226,-21.3590585],[55.5195977,-21.3590535],[55.5196393,-21.3590748],[55.5197546,-21.3590273],[55.51976,-21.3589736],[55.5197975,-21.3589336],[55.5198069,-21.3588712],[55.5198834,-21.3587588],[55.5199732,-21.358755],[55.5200376,-21.3587912],[55.5200287,-21.3588349],[55.5200776,-21.3588483],[55.52012,-21.3588109],[55.5201518,-21.3587978],[55.5201684,-21.3588192],[55.5202028,-21.3588002],[55.520199,-21.3587824],[55.5202448,-21.3587788],[55.5202983,-21.3587397],[55.5203404,-21.3587681],[55.5202805,-21.3588144],[55.5202907,-21.3588334],[55.5202652,-21.3588809],[55.5202728,-21.3589176],[55.5203225,-21.3589414],[55.5203952,-21.358888],[55.5204385,-21.3588678],[55.5204143,-21.3589224],[55.5204487,-21.3590007],[55.5204703,-21.3590161],[55.5205149,-21.3589936],[55.5205633,-21.3589319],[55.5205404,-21.3589105],[55.5205697,-21.3588595],[55.5206092,-21.3588465],[55.5206207,-21.3588737],[55.5206831,-21.3588797],[55.5207162,-21.3589461],[55.5207646,-21.35899],[55.5207444,-21.3590329],[55.5207511,-21.3590941],[55.5206351,-21.3592002],[55.520633,-21.3593139],[55.5205962,-21.3593726],[55.5206324,-21.3593988],[55.520684,-21.3593176],[55.5208054,-21.3592146],[55.5208228,-21.3592364],[55.5208744,-21.3591971],[55.5209308,-21.3591428],[55.5208972,-21.3591103],[55.520922,-21.3590841],[55.5209891,-21.3590778],[55.5210018,-21.3590897],[55.5209804,-21.3591347],[55.5210059,-21.3591484],[55.5210267,-21.3591265],[55.5210609,-21.3591421],[55.5210837,-21.3591272],[55.5211588,-21.3591609],[55.5212318,-21.3592552],[55.5212131,-21.359322],[55.5213872,-21.3593987],[55.5215299,-21.3595544],[55.5219067,-21.359695],[55.5219425,-21.3597784],[55.5219621,-21.3598434],[55.5219192,-21.3599167],[55.521878,-21.35998],[55.521921,-21.36002],[55.5219693,-21.36002],[55.5219639,-21.3600767],[55.522014,-21.3601067],[55.5219872,-21.36014],[55.5220749,-21.3601767],[55.522116,-21.3602417],[55.5221554,-21.36021],[55.5222019,-21.3602583],[55.5222914,-21.3602717],[55.5223647,-21.3602983],[55.522592,-21.3602667],[55.5225723,-21.3603066],[55.522515,-21.3603383],[55.5224954,-21.360385],[55.5224596,-21.3604666],[55.5224095,-21.3605599],[55.5224453,-21.3605649],[55.5225312,-21.3605499],[55.5225813,-21.3605099],[55.5225347,-21.360425],[55.5225813,-21.360405],[55.5226099,-21.3604183],[55.5226654,-21.3603766],[55.5226993,-21.3603633],[55.5226743,-21.36024],[55.5227512,-21.3602367],[55.5227837,-21.3602557],[55.5227317,-21.3604266],[55.5227618,-21.3605414],[55.5228796,-21.3605694],[55.5229266,-21.3605233],[55.5229754,-21.3605133],[55.5229583,-21.3605819],[55.5229695,-21.3606316],[55.5229266,-21.3607049],[55.5229015,-21.3608092],[55.5229563,-21.3608398],[55.5229928,-21.3608299],[55.5230858,-21.3608766],[55.5231807,-21.3608599],[55.5232254,-21.3608732],[55.5232719,-21.3608566],[55.5233399,-21.3608866],[55.5232845,-21.3609515],[55.5232576,-21.3610349],[55.5232666,-21.3610932],[55.5233202,-21.3611182],[55.5234366,-21.3610549],[55.523458,-21.3610249],[55.5234956,-21.3610315],[55.5235564,-21.3611132],[55.5236048,-21.3611199],[55.5236405,-21.3611465],[55.5236048,-21.3611715],[55.5236012,-21.3612132],[55.5236226,-21.3612548],[55.5238016,-21.3612932],[55.5238588,-21.3612465],[55.5238392,-21.3611832],[55.5239125,-21.3611615],[55.5239859,-21.3612482],[55.5240378,-21.3612348],[55.5240807,-21.3612615],[55.5241702,-21.3612198],[55.5241702,-21.3611782],[55.5242131,-21.3611349],[55.5242471,-21.3611365],[55.5242811,-21.3610532],[55.5243688,-21.3610149],[55.5244833,-21.3610632],[55.5244994,-21.3611648],[55.5248072,-21.3611982],[55.5250899,-21.3610732],[55.5253977,-21.3612982],[55.5257341,-21.3612948],[55.5261563,-21.3614015],[55.5262491,-21.3615192],[55.5265249,-21.3616479],[55.5269496,-21.3618288],[55.5276417,-21.3621387],[55.5281889,-21.3622546],[55.5294335,-21.3627183],[55.530884,-21.363062],[55.5322401,-21.3633257],[55.5331413,-21.3635496],[55.5346434,-21.3632938],[55.5352926,-21.3631909],[55.5359966,-21.3631553],[55.5361322,-21.3631989],[55.5363244,-21.3632763],[55.536561,-21.3633066],[55.5368103,-21.3633653],[55.5369546,-21.3634318],[55.5371354,-21.3635244],[55.5373378,-21.3635723],[55.5375549,-21.3636609],[55.5378274,-21.3637964],[55.5380044,-21.3638887],[55.5381767,-21.3639203],[55.5382836,-21.3639432],[55.538469,-21.3640642],[55.5386868,-21.364304],[55.5387119,-21.3645664],[55.5386821,-21.3647495],[55.5386151,-21.3648881],[55.5387815,-21.3650471],[55.539017,-21.3651073],[55.5390322,-21.3652466],[55.5389838,-21.3654031],[55.5390594,-21.3654304],[55.5392094,-21.3653243],[55.5395184,-21.3653232],[55.5399018,-21.3654802],[55.540684,-21.3659804],[55.5407784,-21.3662522],[55.5408534,-21.3663266],[55.5410807,-21.366547],[55.5414307,-21.3665239],[55.5419714,-21.3666199],[55.5425127,-21.3669772],[55.5430119,-21.3673783],[55.5430165,-21.3676492],[55.5428925,-21.3677632],[55.5429888,-21.3678247],[55.5429604,-21.3679538],[55.5433638,-21.3679138],[55.5438187,-21.3680018],[55.5439292,-21.3678395],[55.5441169,-21.3677632],[55.5445021,-21.3677889],[55.5446836,-21.3676351],[55.5448087,-21.3676056],[55.5451018,-21.3676607],[55.5459454,-21.3681465],[55.5471299,-21.3689698],[55.5477198,-21.3694173],[55.5480493,-21.3695932],[55.5480741,-21.3696782],[55.5480145,-21.3697579],[55.5480033,-21.3698218],[55.5479808,-21.3699296],[55.5480128,-21.369996],[55.5481081,-21.3700916],[55.5484008,-21.3702572],[55.5485114,-21.3703968],[55.5486386,-21.3704722],[55.5487274,-21.3705036],[55.5487949,-21.3704976],[55.5488628,-21.3704196],[55.5490405,-21.370614],[55.549482,-21.3710582],[55.5495813,-21.371151],[55.5499971,-21.371659],[55.5497846,-21.372329],[55.5496915,-21.3729532],[55.5498011,-21.3732258],[55.5497398,-21.3735651],[55.5503349,-21.3741738],[55.550547,-21.3741564],[55.5510542,-21.3743401],[55.5515759,-21.3737815],[55.5517045,-21.3732694],[55.5518904,-21.372958],[55.5521754,-21.3726664],[55.5524734,-21.3724558],[55.5528776,-21.372489],[55.5531266,-21.3722088],[55.5534535,-21.3722153],[55.5534318,-21.3725321],[55.5534881,-21.3726739],[55.5535658,-21.3727532],[55.5537804,-21.3726955],[55.5539385,-21.3725818],[55.5539936,-21.3721392],[55.5538469,-21.3718682],[55.5536828,-21.3717336],[55.5536143,-21.3715661],[55.5536887,-21.3713786],[55.5538303,-21.371247],[55.5540457,-21.3711373],[55.5542758,-21.3711435],[55.5544698,-21.371267],[55.5546296,-21.3711951],[55.554724,-21.3710738],[55.5548894,-21.3710265],[55.5550193,-21.3711571],[55.5553868,-21.3712798],[55.5557558,-21.3715116],[55.5557109,-21.3717805],[55.5559498,-21.3718787],[55.5561441,-21.3716608],[55.5562358,-21.3713341],[55.5564685,-21.3713628],[55.5566021,-21.3715232],[55.5563738,-21.3720311],[55.5568459,-21.3722469],[55.557275,-21.3725666],[55.5581162,-21.372199],[55.5586913,-21.372159],[55.5589776,-21.3725221],[55.5593038,-21.3728818],[55.5597673,-21.3729218],[55.560322,-21.3727185],[55.5605655,-21.3730257],[55.5610376,-21.3729218],[55.5612951,-21.3730257],[55.5629399,-21.3722789],[55.5636437,-21.3724787],[55.5641415,-21.3725347],[55.5643389,-21.3727345],[55.5646994,-21.3726785],[55.5655234,-21.3729663],[55.5662186,-21.3733979],[55.5662904,-21.3736811],[55.5669396,-21.3737256],[55.5674466,-21.3739837],[55.5676349,-21.3742993],[55.5676914,-21.3743938],[55.5677955,-21.3748162],[55.5678693,-21.3749573],[55.5680356,-21.3750967],[55.5682136,-21.3751946],[55.5684866,-21.3752653],[55.5685735,-21.375321],[55.5686336,-21.3753832],[55.568653,-21.3753949],[55.5687281,-21.3753907],[55.5687746,-21.3754004],[55.5689473,-21.3754909],[55.5691133,-21.3755617],[55.5692023,-21.3755836],[55.5693147,-21.3755836],[55.5693984,-21.3755496],[55.5694916,-21.375483],[55.5696003,-21.375468],[55.5699007,-21.375404],[55.5701497,-21.3756518],[55.5705788,-21.3756278],[55.5708105,-21.3758436],[55.5711539,-21.3759715],[55.5714028,-21.3757637],[55.5718405,-21.3763312],[55.5720894,-21.3760195],[55.5724499,-21.3761154],[55.5727589,-21.3761074],[55.5731881,-21.3759236],[55.5736687,-21.3760515],[55.5739519,-21.3757477],[55.574218,-21.3757877],[55.5743639,-21.3756838],[55.5746472,-21.3758516],[55.5747416,-21.3760834],[55.5748103,-21.3757797],[55.575454,-21.3757317],[55.5764067,-21.3748685],[55.5766642,-21.3747087],[55.5769389,-21.3745968],[55.5771706,-21.374357],[55.5774624,-21.3741332],[55.5776598,-21.3742531],[55.5779517,-21.3741972],[55.5782864,-21.374317],[55.5788271,-21.3741332],[55.5791275,-21.3739014],[55.5795908,-21.3736938],[55.5799858,-21.3735817],[55.5803239,-21.3733715],[55.5806887,-21.3730153],[55.5810112,-21.3729036],[55.5812908,-21.3728422],[55.5815156,-21.3727548],[55.5818311,-21.3725216],[55.5824483,-21.3723961],[55.5828051,-21.3722727],[55.5831261,-21.372476],[55.5833022,-21.3724518],[55.5834191,-21.3724608],[55.583525,-21.3724517],[55.5836561,-21.3724283],[55.5837634,-21.3724382],[55.5839729,-21.3724215],[55.5842637,-21.3723983],[55.584322,-21.3723936],[55.5845094,-21.3723734],[55.5845626,-21.3723677],[55.5848067,-21.3722476],[55.5849839,-21.3721774],[55.5852365,-21.3719635],[55.5854244,-21.3718435],[55.5855382,-21.3717708],[55.5858359,-21.3715706],[55.5862574,-21.3714759],[55.586346,-21.3714914],[55.5864992,-21.3715183],[55.5866907,-21.3716169],[55.5867848,-21.3716449],[55.5869151,-21.3717522],[55.5870175,-21.3718135],[55.5872807,-21.3721179],[55.587393,-21.3722478],[55.5876792,-21.3726831],[55.5879073,-21.3729261],[55.5879428,-21.3729796],[55.5879396,-21.3731397],[55.5879382,-21.3732163],[55.5879447,-21.3732541],[55.5879551,-21.373315],[55.5879688,-21.373439],[55.5880837,-21.3735043],[55.5881504,-21.373533],[55.5882268,-21.3735537],[55.5883116,-21.3735767],[55.5884047,-21.3735791],[55.5884864,-21.3734831],[55.5885068,-21.3736756],[55.5884845,-21.3738082],[55.5884624,-21.373974],[55.5885257,-21.374066],[55.5886537,-21.3741127],[55.5887288,-21.3743106],[55.5888211,-21.3743835],[55.5889133,-21.3743579],[55.5889884,-21.3742839],[55.5890612,-21.374272],[55.5891769,-21.3742531],[55.5892352,-21.3742775],[55.5893244,-21.3743774],[55.5894588,-21.3744845],[55.5896129,-21.3747052],[55.5896315,-21.3748499],[55.5896066,-21.3749807],[55.589628,-21.3753483],[55.5895947,-21.3754721],[55.5895944,-21.3755528],[55.5896264,-21.3755711],[55.5897172,-21.375565],[55.5897871,-21.3755263],[55.5898513,-21.3756036],[55.5898498,-21.3757532],[55.5898496,-21.3758525],[55.5898462,-21.3759456],[55.5897537,-21.3760884],[55.5896264,-21.3762016],[55.5896474,-21.376221],[55.5897909,-21.3762171],[55.5900747,-21.3763521],[55.5901759,-21.3764074],[55.5902499,-21.3765138],[55.5903017,-21.3765389],[55.5903526,-21.376533],[55.5903513,-21.376482],[55.5903173,-21.3764239],[55.5903552,-21.3763545],[55.5903619,-21.3763256],[55.5904297,-21.3762599],[55.5904961,-21.3762348],[55.5906405,-21.3762412],[55.5907506,-21.3763119],[55.5908216,-21.3763457],[55.590919,-21.376366],[55.591046,-21.3763688],[55.5913887,-21.3765925],[55.5914362,-21.3766816],[55.5914995,-21.3767009],[55.5915937,-21.3767255],[55.5916822,-21.3767834],[55.592044,-21.3769248],[55.5922234,-21.3769604],[55.5924048,-21.3769742],[55.5925035,-21.3769185],[55.5925925,-21.3769158],[55.5927205,-21.3770122],[55.5927913,-21.3771396],[55.5928789,-21.3771547],[55.5929899,-21.3771301],[55.5930884,-21.3770901],[55.59319,-21.3770994],[55.5932957,-21.3771707],[55.5936786,-21.3772593],[55.5938938,-21.377218],[55.5941283,-21.3772819],[55.5942641,-21.3773798],[55.594361,-21.3775072],[55.5944195,-21.3776557],[55.594428,-21.3778932],[55.5945359,-21.3780139],[55.5948524,-21.3782174],[55.5950844,-21.3784542],[55.5951917,-21.3785517],[55.5953071,-21.3786093],[55.5954886,-21.3786529],[55.5957336,-21.3786577],[55.5959266,-21.3786161],[55.5961383,-21.3786584],[55.5964529,-21.3785427],[55.5966166,-21.3785876],[55.5967748,-21.3786126],[55.5969197,-21.3785602],[55.5970846,-21.3784965],[55.5972818,-21.3784653],[55.5974668,-21.3784353],[55.5976465,-21.3784278],[55.5978772,-21.3784278],[55.598124,-21.3784877],[55.5983278,-21.3785852],[55.5984056,-21.3787225],[55.59847,-21.3788799],[55.5984158,-21.3791822],[55.5986742,-21.3792698],[55.598986,-21.3792268],[55.5991564,-21.379252],[55.5993915,-21.3793594],[55.5995729,-21.379538],[55.5996685,-21.3799385],[55.5997907,-21.3800541],[55.6000136,-21.3801773],[55.6002301,-21.3804388],[55.6003014,-21.3805789],[55.600366,-21.3806644],[55.6003854,-21.3807734],[55.6003485,-21.3809773],[55.6004572,-21.3812118],[55.6004878,-21.3812508],[55.6006038,-21.3812722],[55.6006304,-21.3815008],[55.6008683,-21.3817265],[55.601083,-21.3817314],[55.6010999,-21.3818234],[55.6011175,-21.3819161],[55.6010472,-21.3820004],[55.6011021,-21.3821328],[55.6011685,-21.3822362],[55.601442,-21.3825886],[55.6017347,-21.3829443],[55.6018442,-21.383075],[55.6019082,-21.3832218],[55.6020559,-21.3833421],[55.6021659,-21.3834699],[55.6023147,-21.3836334],[55.6025998,-21.3838262],[55.6028368,-21.3839073],[55.6029466,-21.3840162],[55.6033281,-21.3840058],[55.6035349,-21.3841337],[55.6038221,-21.3843773],[55.6040329,-21.3844477],[55.6042722,-21.3844082],[55.604378,-21.3843615],[55.6045747,-21.3844044],[55.6048781,-21.3844869],[55.6050885,-21.3845785],[55.6052568,-21.3848187],[55.6053993,-21.3850469],[55.6055495,-21.3851905],[55.6057949,-21.3852691],[55.606248,-21.3855642],[55.6064362,-21.3855746],[55.606831,-21.3856466],[55.6076198,-21.3856985],[55.6079297,-21.3859183],[55.6081803,-21.3861863],[55.6083939,-21.3863479],[55.6086077,-21.3865097],[55.6090455,-21.3867255],[55.6095261,-21.3870052],[55.6098866,-21.3871491],[55.6103672,-21.387205],[55.6107792,-21.3870851],[55.6111686,-21.3867449],[55.6114857,-21.3864495],[55.6117947,-21.3863696],[55.6121333,-21.3864268],[55.6123205,-21.3864034],[55.6129003,-21.386321],[55.6134684,-21.3862976],[55.6137685,-21.3862666],[55.6145499,-21.3861858],[55.6154168,-21.3862097],[55.6165068,-21.385962],[55.6167218,-21.3859456],[55.6168134,-21.3859321],[55.6169023,-21.3859083],[55.6170152,-21.3858884],[55.617354,-21.3858052],[55.6174493,-21.3857761],[55.6182679,-21.3855909],[55.6183295,-21.3855695],[55.6185968,-21.3854718],[55.6186516,-21.3854623],[55.6187709,-21.3854422],[55.6189591,-21.3853988],[55.6191325,-21.3853399],[55.6194107,-21.3853037],[55.6195478,-21.3852786],[55.6196897,-21.3852634],[55.6198166,-21.3852228],[55.6199435,-21.3851823],[55.6201852,-21.3850132],[55.6202314,-21.3849703],[55.6203475,-21.3848445],[55.6204145,-21.3847911],[55.6205522,-21.384726],[55.6213992,-21.3843875],[55.6217167,-21.3842117],[55.6221287,-21.383884],[55.6230986,-21.3832686],[55.6240084,-21.3830688],[55.6247637,-21.3829809],[55.6260148,-21.3827888],[55.6263258,-21.3827411],[55.6281249,-21.3825804],[55.6290982,-21.3824934],[55.6316473,-21.3825014],[55.6340678,-21.3825813],[55.6367285,-21.3826532],[55.6378786,-21.382853],[55.6387885,-21.3830848],[55.6396983,-21.3832926],[55.6403077,-21.3835404],[55.6405995,-21.3836682],[55.6410887,-21.383868],[55.6418097,-21.3843156],[55.6425307,-21.3848351],[55.6429856,-21.3851388],[55.6431764,-21.3853191],[55.6434936,-21.3855924],[55.6436269,-21.3856775],[55.6437142,-21.3856658],[55.6437165,-21.3857533],[55.6436785,-21.385808],[55.6436116,-21.3858628],[55.6435441,-21.3858635],[55.6435154,-21.3858818],[55.6435114,-21.3859018],[55.6436308,-21.3862876],[55.643501,-21.3864676],[55.6432596,-21.386694],[55.6432476,-21.386746],[55.6432854,-21.3867897],[55.6436246,-21.3868766],[55.643648,-21.3869089],[55.6434437,-21.387019],[55.6431954,-21.3870529],[55.6431464,-21.3870595],[55.6430328,-21.387075],[55.6429125,-21.3873316],[55.6432538,-21.3875478],[55.6434007,-21.3875954],[55.6436456,-21.3878321],[55.6437827,-21.3877604],[55.6440001,-21.3874545],[55.6440682,-21.3874774],[55.6441448,-21.3878422],[55.6443652,-21.3880465],[55.6444473,-21.3882557],[55.6445359,-21.3882612],[55.6447617,-21.3884788],[55.644966,-21.3885079],[55.644984,-21.3883818],[55.6449035,-21.3883063],[55.6449677,-21.3882788],[55.6450745,-21.3882926],[55.6450733,-21.3883531],[55.645215,-21.3884398],[55.645237,-21.3885173],[55.6452315,-21.3887311],[55.6452677,-21.3890425],[55.6456039,-21.389025],[55.6457506,-21.3890484],[55.6457446,-21.389166],[55.6456583,-21.3892229],[55.6456551,-21.3894076],[55.6457491,-21.3893749],[55.6457666,-21.3892597],[55.6458775,-21.3891838],[55.6458226,-21.3891689],[55.6458175,-21.3890677],[55.6461017,-21.3891849],[55.6462991,-21.3893549],[55.646417,-21.3895656],[55.6463405,-21.3895998],[55.6463319,-21.3896683],[55.6464354,-21.3897087],[55.6465622,-21.3896523],[55.6465829,-21.3895373],[55.646736,-21.3893315],[55.6468155,-21.3891336],[55.6469315,-21.389037],[55.6469793,-21.3890305],[55.6470055,-21.3890699],[55.6469379,-21.3891994],[55.6469942,-21.3893412],[55.647256,-21.3891336],[55.6473225,-21.3890328],[55.6473459,-21.3889663],[55.6474367,-21.389085],[55.6475978,-21.388977],[55.6476577,-21.3890165],[55.6477595,-21.3889031],[55.6478057,-21.3888184],[55.6479104,-21.3888447],[55.6481919,-21.3888255],[55.6484191,-21.3888332],[55.648479,-21.3890193],[55.6485343,-21.3890022],[55.6485931,-21.3888195],[55.6486386,-21.388812],[55.6486521,-21.3889252],[55.6488198,-21.3888281],[55.648977,-21.3888412],[55.6490789,-21.3888377],[55.6490281,-21.3889944],[55.6490738,-21.3889878],[55.6492879,-21.3887369],[55.6493092,-21.3886921],[55.6493439,-21.3886617],[55.6495727,-21.3885296],[55.6495572,-21.3884141],[55.6494784,-21.3883691],[55.6495142,-21.3883244],[55.6496463,-21.3882276],[55.6497581,-21.3881935],[55.6498306,-21.3882431],[55.6498978,-21.3882035],[55.6499233,-21.3880723],[55.6499787,-21.388051],[55.6499998,-21.3880139],[55.6500684,-21.3880403],[55.6500946,-21.3879962],[55.6500695,-21.3879283],[55.6499926,-21.3878122],[55.649986,-21.3877477],[55.6500665,-21.3877244],[55.6500722,-21.387633],[55.6500288,-21.3875405],[55.6499439,-21.3875059],[55.649891,-21.3874628],[55.6499736,-21.3874332],[55.6500198,-21.3873725],[55.6499537,-21.3872361],[55.6498452,-21.3872047],[55.6498261,-21.3871163],[55.6498842,-21.3871083],[55.6499069,-21.3870092],[55.6501729,-21.386804],[55.6505752,-21.3866112],[55.6506001,-21.386572],[55.650658,-21.3865461],[55.6507571,-21.3865287],[55.6511997,-21.3863499],[55.6518404,-21.3860484],[55.6522301,-21.3859928],[55.6532963,-21.3855978],[55.6534729,-21.3854688],[55.6538846,-21.3852625],[55.6541216,-21.3850735],[55.6548281,-21.3847058],[55.6560642,-21.3841832],[55.6563377,-21.3840281],[55.6567066,-21.3838616],[55.6575471,-21.3834113],[55.6580502,-21.3831967],[55.6581461,-21.3831866],[55.6583905,-21.3832328],[55.6586393,-21.3829401],[55.6590192,-21.3827912],[55.6595013,-21.3826691],[55.6598154,-21.3826054],[55.6599602,-21.3826266],[55.6605535,-21.3826561],[55.6607242,-21.3827085],[55.66185,-21.382453],[55.6622875,-21.3824247],[55.6630409,-21.3824593],[55.6638257,-21.3823676],[55.6643092,-21.3827376],[55.6645587,-21.3827471],[55.6646564,-21.3829461],[55.664826,-21.3830169],[55.6649099,-21.3831282],[55.6656183,-21.3832933],[55.6663393,-21.3835276],[55.6664395,-21.3834457],[55.6666248,-21.3834694],[55.6666785,-21.3832091],[55.6667119,-21.3831439],[55.6667498,-21.3830943],[55.6668133,-21.3830313],[55.6668859,-21.3828446],[55.6669615,-21.3828139],[55.6670878,-21.3827974],[55.6671481,-21.3829521],[55.6671588,-21.3832237],[55.6672254,-21.383412],[55.6674149,-21.3835494],[55.6677133,-21.3835757],[55.6678927,-21.3835723],[55.6683184,-21.3836848],[55.6685449,-21.3837651],[55.6686513,-21.3838358],[55.6692001,-21.3838037],[55.6694346,-21.3837389],[55.6695559,-21.3836402],[55.6697239,-21.383662],[55.6698111,-21.3837083],[55.6700729,-21.3836412],[55.6702206,-21.3836446],[55.670334,-21.3836668],[55.6704754,-21.3837421],[55.6706875,-21.3836878],[55.6709438,-21.3837116],[55.6710715,-21.3837522],[55.6711261,-21.3838165],[55.6713052,-21.3839073],[55.671418,-21.3838279],[55.6716759,-21.3833373],[55.6717598,-21.3831355],[55.6720845,-21.3828175],[55.6722105,-21.3828591],[55.672257,-21.3826966],[55.6724762,-21.3824597],[55.6724952,-21.3823867],[55.6726515,-21.3823514],[55.6728043,-21.3822086],[55.6727846,-21.3821053],[55.67287,-21.3821018],[55.6729553,-21.3820022],[55.6729857,-21.3818717],[55.6731751,-21.3817425],[55.6734071,-21.3817535],[55.6735363,-21.3816179],[55.6736514,-21.3815758],[55.6738078,-21.381594],[55.6740288,-21.3817142],[55.6741345,-21.3817043],[55.6742131,-21.381604],[55.6743169,-21.3815803],[55.6744613,-21.3815965],[55.6745503,-21.3816517],[55.6745049,-21.3818512],[55.6745731,-21.3819227],[55.674664,-21.3819222],[55.6747394,-21.3813749],[55.6747946,-21.3810167],[55.6749061,-21.3807076],[55.6744287,-21.3804353],[55.6744296,-21.3803449],[55.6749034,-21.3802042],[55.6750049,-21.3799328],[55.6752454,-21.3797131],[55.6752395,-21.3793035],[55.6753346,-21.3792085],[55.6755775,-21.379252],[55.6756265,-21.379162],[55.6755828,-21.3789355],[55.6756857,-21.3788417],[55.6758704,-21.3788478],[55.6767296,-21.3794152],[55.6768688,-21.3794558],[55.6769846,-21.3794362],[55.6770905,-21.3793457],[55.6773176,-21.3793439],[55.677548,-21.3792382],[55.6777041,-21.3789457],[55.6778335,-21.3786002],[55.6774773,-21.3785035],[55.6775609,-21.3779896],[55.6776909,-21.3778847],[55.6774966,-21.3776902],[55.677533,-21.3774063],[55.6774748,-21.3773815],[55.6775386,-21.3772669],[55.6774824,-21.3771185],[55.6773523,-21.3771574],[55.6774462,-21.3768907],[55.6774717,-21.3768113],[55.6777137,-21.3764478],[55.677965,-21.3761722],[55.6783247,-21.3759453],[55.6783905,-21.3758059],[55.6788504,-21.3755188],[55.678943,-21.3754578],[55.6794625,-21.3751343],[55.6800823,-21.3749723],[55.6804384,-21.3747629],[55.6812228,-21.3747062],[55.6814331,-21.3746613],[55.6815455,-21.3746094],[55.681724,-21.3746077],[55.6818763,-21.3746302],[55.6821943,-21.3746327],[55.6823595,-21.3746766],[55.6825809,-21.3746759],[55.6839954,-21.3746316],[55.6841212,-21.3747208],[55.6841998,-21.3746363],[55.6842903,-21.3746856],[55.6847047,-21.3746405],[55.6847488,-21.3745486],[55.6848615,-21.3745237],[55.6848974,-21.3746078],[55.6849507,-21.3745459],[55.6850333,-21.374553],[55.6850684,-21.3744716],[55.6851925,-21.3745446],[55.6854429,-21.3745743],[55.6857881,-21.3746913],[55.685857,-21.374776],[55.6858369,-21.3748461],[55.685878,-21.374962],[55.686079,-21.375031],[55.6863044,-21.3750033],[55.6862801,-21.3748083],[55.686943,-21.3748277],[55.6870351,-21.3747919],[55.6871395,-21.3748284],[55.6872682,-21.374933],[55.6874722,-21.3749772],[55.6875981,-21.3750511],[55.68779,-21.3750131],[55.6879012,-21.3750232],[55.6880019,-21.3751303],[55.6884194,-21.3751456],[55.6894439,-21.3754608],[55.6897823,-21.3754726],[55.6900111,-21.3755474],[55.6901569,-21.3756646],[55.6903135,-21.3756057],[55.6906566,-21.3756375],[55.6914661,-21.3756195],[55.6923757,-21.3756348],[55.6928478,-21.3756952],[55.6937773,-21.3759779],[55.6939062,-21.3758542],[55.6943062,-21.375754],[55.6946275,-21.3757565],[55.6947769,-21.3756559],[55.6952789,-21.3757482],[55.6954717,-21.3757289],[55.6956477,-21.3757539],[55.6957254,-21.3755847],[55.6959707,-21.3754156],[55.6969102,-21.3755036],[55.6972488,-21.375618],[55.6975935,-21.3755605],[55.6979858,-21.3755331],[55.6992915,-21.3758748],[55.6998366,-21.3761173],[55.7002759,-21.3763877],[55.7004365,-21.376494],[55.70051,-21.3764753],[55.7005476,-21.3764753],[55.7005669,-21.3764899],[55.7005227,-21.376588],[55.700633,-21.3766792],[55.7009952,-21.3767283],[55.70113,-21.3766864],[55.7012838,-21.376712],[55.7014132,-21.376694],[55.7014597,-21.3766871],[55.7015421,-21.376583],[55.7016704,-21.3765247],[55.7017776,-21.3765025],[55.7019778,-21.3765349],[55.7021754,-21.3765989],[55.7024247,-21.3767674],[55.7024883,-21.3767882],[55.7025746,-21.3768074],[55.7026948,-21.3768129],[55.7029683,-21.3767176],[55.7030456,-21.3766552],[55.7032377,-21.3765874],[55.7037447,-21.3765727],[55.7039634,-21.376384],[55.704001,-21.3763329],[55.7040703,-21.3763056],[55.7042211,-21.3762513],[55.7044157,-21.3762219],[55.7045184,-21.3762326],[55.7046294,-21.3762598],[55.7047852,-21.3762969],[55.7049222,-21.3763452],[55.7050866,-21.3763741],[55.7052364,-21.376376],[55.7054934,-21.3762961],[55.7055458,-21.3762471],[55.7058244,-21.3760567],[55.705923,-21.3760095],[55.7060088,-21.3759802],[55.7060818,-21.3759817],[55.7061534,-21.3759876],[55.7062187,-21.3760128],[55.7062586,-21.3760269],[55.7063085,-21.3760656],[55.7063436,-21.3761055],[55.7063318,-21.3761689],[55.7063005,-21.3763376],[55.7063246,-21.3764615],[55.7063569,-21.3764892],[55.7063914,-21.3764916],[55.7064761,-21.3764029],[55.7065031,-21.3763843],[55.7065094,-21.3763652],[55.7065371,-21.3763425],[55.7065506,-21.3763027],[55.7066027,-21.3762624],[55.7067048,-21.3762393],[55.7067845,-21.376279],[55.7068884,-21.3762339],[55.706926,-21.3762341],[55.7069467,-21.3761858],[55.7069473,-21.3761061],[55.7069826,-21.3760615],[55.707005,-21.3760483],[55.7070323,-21.3760331],[55.7070707,-21.3760259],[55.7071219,-21.3760382],[55.7071859,-21.3760342],[55.7072045,-21.3760775],[55.7072916,-21.3761418],[55.7074684,-21.3762077],[55.707559,-21.3762471],[55.7076065,-21.3762607],[55.7076659,-21.3763615],[55.707705,-21.3764477],[55.7077432,-21.3764791],[55.7078852,-21.3764818],[55.7079522,-21.3764653],[55.708037,-21.3763922],[55.7080924,-21.376324],[55.708137,-21.3762545],[55.7081509,-21.3762227],[55.7081424,-21.37617],[55.7081423,-21.376116],[55.7081001,-21.3760561],[55.7080491,-21.3759983],[55.7080083,-21.3759635],[55.708008,-21.3759203],[55.7080323,-21.3758995],[55.7080497,-21.3758982],[55.7080493,-21.3758579],[55.7080737,-21.375837],[55.7081888,-21.3758286],[55.7082313,-21.3758337],[55.7082668,-21.3758532],[55.7082856,-21.3758844],[55.7082917,-21.3759827],[55.7083125,-21.3760433],[55.7083459,-21.3761477],[55.708527,-21.3763691],[55.7085724,-21.3764247],[55.7087244,-21.3765754],[55.7087787,-21.3765666],[55.7088122,-21.37647],[55.7088229,-21.3764579],[55.7088534,-21.3764075],[55.7089367,-21.376339],[55.708961,-21.3763287],[55.7090034,-21.3763038],[55.7090541,-21.3761431],[55.7090394,-21.3761159],[55.7090465,-21.3760863],[55.7090822,-21.3760476],[55.7090878,-21.3760239],[55.709153,-21.3759531],[55.7091347,-21.3759097],[55.7091324,-21.375876],[55.7091456,-21.3758349],[55.7091816,-21.3757479],[55.709199,-21.3757309],[55.7092361,-21.3756723],[55.7092864,-21.3756372],[55.7093493,-21.3756235],[55.709397,-21.3756299],[55.7094592,-21.3756685],[55.7097364,-21.3756925],[55.7098463,-21.3756404],[55.7099224,-21.3755798],[55.7100587,-21.3755797],[55.7101625,-21.3755308],[55.7102107,-21.3755119],[55.7103716,-21.3754074],[55.7104466,-21.3753766],[55.7105041,-21.3753913],[55.7105999,-21.3753977],[55.7106581,-21.3755065],[55.7106735,-21.3755471],[55.7107009,-21.3756267],[55.7107676,-21.3757448],[55.7107746,-21.3758141],[55.7107373,-21.3759115],[55.7107327,-21.3759852],[55.7107791,-21.3761242],[55.7108345,-21.3762016],[55.7108822,-21.3762423],[55.7109467,-21.3762668],[55.7109552,-21.3762331],[55.7109643,-21.3759695],[55.7109389,-21.3757897],[55.7107705,-21.3754304],[55.7107995,-21.3753725],[55.7108154,-21.3753609],[55.7108408,-21.37531],[55.7109579,-21.3752249],[55.7110269,-21.3751656],[55.7112103,-21.3749706],[55.7113044,-21.374929],[55.711524,-21.3749262],[55.7117121,-21.3749755],[55.711774,-21.3749778],[55.7119155,-21.3750173],[55.7120208,-21.3750174],[55.7121707,-21.3750013],[55.7122594,-21.3750545],[55.7123996,-21.3750704],[55.712461,-21.3750883],[55.7124914,-21.3751187],[55.7125061,-21.3751632],[55.7125434,-21.375175],[55.7126723,-21.3751318],[55.7127115,-21.3751234],[55.7127688,-21.3751211],[55.7128383,-21.3751407],[55.7130464,-21.3751342],[55.7132093,-21.3751663],[55.7133048,-21.3751567],[55.7134559,-21.375132],[55.7137286,-21.3751456],[55.7137967,-21.3751625],[55.7139078,-21.3751479],[55.7140452,-21.3751382],[55.714241,-21.3751334],[55.7144823,-21.3751568],[55.7145849,-21.3751541],[55.7146722,-21.3751463],[55.7148067,-21.3751197],[55.7149102,-21.3751083],[55.7153556,-21.3750317],[55.7155539,-21.375023],[55.715651,-21.3750605],[55.7158661,-21.3750001],[55.7160833,-21.3749799],[55.716154,-21.374989],[55.7162467,-21.3749877],[55.7163802,-21.3749968],[55.7164871,-21.3749892],[55.7168621,-21.374917],[55.7169738,-21.3749006],[55.7171758,-21.3748289],[55.7173411,-21.374784],[55.7174732,-21.3747238],[55.7176493,-21.374615],[55.7178233,-21.3744552],[55.71792,-21.3743499],[55.7180481,-21.3742392],[55.7181501,-21.3741164],[55.7182459,-21.3740408],[55.7183294,-21.3740175],[55.7183746,-21.3739936],[55.7184763,-21.3739099],[55.7185039,-21.3739041],[55.7185322,-21.3739116],[55.7185702,-21.373904],[55.718581,-21.3738958],[55.7186055,-21.3738786],[55.7186205,-21.3738341],[55.7187181,-21.3737813],[55.7189505,-21.373783],[55.7192004,-21.3737026],[55.7194507,-21.3737138],[55.7196595,-21.3736968],[55.7197233,-21.3736656],[55.7197777,-21.3736309],[55.7198707,-21.37359],[55.7199168,-21.3736044],[55.719968,-21.3735515],[55.7200019,-21.3734996],[55.7200683,-21.3734708],[55.7202125,-21.3734209],[55.7202685,-21.373453],[55.7203333,-21.37342],[55.7203508,-21.3734008],[55.7203748,-21.3733572],[55.7204114,-21.3733177],[55.7204503,-21.373328],[55.7204693,-21.3733495],[55.7205127,-21.3733372],[55.7205533,-21.373318],[55.7206037,-21.3732865],[55.7206656,-21.3732594],[55.720777,-21.3731672],[55.7208835,-21.3730918],[55.720908,-21.3730518],[55.7209582,-21.373032],[55.7209882,-21.3730463],[55.7210265,-21.3730907],[55.7210764,-21.3732887],[55.7211157,-21.3733187],[55.7212158,-21.3733504],[55.7212596,-21.3733519],[55.721309,-21.3733754],[55.7213633,-21.373363],[55.7213911,-21.3733398],[55.7213946,-21.3733252],[55.7213757,-21.3732833],[55.721344,-21.3732721],[55.7212923,-21.3732743],[55.7212411,-21.3732501],[55.7212211,-21.3732183],[55.721265,-21.3731598],[55.7213714,-21.3730283],[55.7213152,-21.3728966],[55.7213317,-21.3728797],[55.7213632,-21.3728954],[55.7213837,-21.3729303],[55.7214039,-21.372945],[55.7213566,-21.3728342],[55.7213731,-21.3728173],[55.7214046,-21.3728329],[55.721425,-21.3728678],[55.7214579,-21.3728917],[55.7214989,-21.3729036],[55.7215586,-21.3728785],[55.721598,-21.3728794],[55.7216536,-21.3729381],[55.7216964,-21.3729582],[55.7219203,-21.372906],[55.7219449,-21.3728904],[55.7219941,-21.3728294],[55.7220282,-21.3728168],[55.7220616,-21.3728196],[55.7221326,-21.372839],[55.7221633,-21.3728066],[55.7221705,-21.3727803],[55.7222025,-21.3727451],[55.7222574,-21.3727215],[55.7223239,-21.3726745],[55.7223987,-21.37264],[55.722563,-21.3726492],[55.7226289,-21.3725966],[55.7226113,-21.3725875],[55.7226122,-21.3725565],[55.7226791,-21.3725389],[55.7226526,-21.3725251],[55.7226536,-21.372494],[55.7227379,-21.3724719],[55.7227511,-21.3724586],[55.7227562,-21.3724278],[55.7227159,-21.3723502],[55.7226476,-21.3722627],[55.722653,-21.3721878],[55.7226941,-21.3721267],[55.7227394,-21.3720602],[55.7227853,-21.3720113],[55.7228433,-21.3719846],[55.7229183,-21.3720341],[55.7229425,-21.3721187],[55.7230076,-21.3722527],[55.7231314,-21.3722781],[55.7231808,-21.3722675],[55.7232901,-21.3722568],[55.7233532,-21.3722015],[55.7233483,-21.3721878],[55.7232782,-21.3720941],[55.7232768,-21.3720509],[55.7232291,-21.3720217],[55.7231995,-21.3719161],[55.7231657,-21.3718068],[55.723217,-21.3717603],[55.7232673,-21.3717345],[55.7233263,-21.3717362],[55.7234083,-21.3717572],[55.7234458,-21.3717211],[55.7234581,-21.3715698],[55.7235064,-21.37148],[55.7235584,-21.3714824],[55.723577,-21.3716224],[55.7236395,-21.3717306],[55.7237619,-21.3717831],[55.7238749,-21.3717792],[55.7239404,-21.3717903],[55.7240446,-21.371737],[55.7240422,-21.37172],[55.7240925,-21.3717118],[55.7240833,-21.3716592],[55.7241031,-21.3715489],[55.724135,-21.3715494],[55.7241314,-21.3716113],[55.724142,-21.3716837],[55.7241903,-21.3716983],[55.7242614,-21.3716497],[55.7243413,-21.3716092],[55.724433,-21.3715978],[55.7244539,-21.3716094],[55.7245007,-21.3715827],[55.7244558,-21.3714934],[55.7244565,-21.3714663],[55.7244611,-21.3714471],[55.7244977,-21.3714083],[55.7245086,-21.3713589],[55.7245285,-21.3713323],[55.7245481,-21.3713237],[55.7245768,-21.3713333],[55.7245934,-21.3714421],[55.7246025,-21.3714604],[55.7246308,-21.3714881],[55.7245805,-21.3715683],[55.7245883,-21.3716473],[55.7247032,-21.3716065],[55.7247694,-21.3716207],[55.7248538,-21.371624],[55.7249591,-21.3716185],[55.7250017,-21.3715689],[55.7249981,-21.3715466],[55.7250365,-21.3714661],[55.7249858,-21.3713695],[55.7250048,-21.3712275],[55.7251178,-21.3711071],[55.7252153,-21.371087],[55.7253174,-21.3710309],[55.7255875,-21.3707859],[55.7255821,-21.3707969],[55.7256142,-21.3707767],[55.7256201,-21.3707254],[55.7256112,-21.3706984],[55.7256586,-21.3706539],[55.7256432,-21.3706072],[55.725634,-21.3705541],[55.7256832,-21.3705073],[55.7257202,-21.3705352],[55.7257643,-21.3705501],[55.7258191,-21.3705319],[55.7258384,-21.3704308],[55.7258866,-21.3704178],[55.7259166,-21.3704816],[55.7259319,-21.3705234],[55.7259392,-21.3705696],[55.7259625,-21.370623],[55.7259811,-21.370621],[55.7260061,-21.3706117],[55.726021,-21.3705507],[55.7260162,-21.370525],[55.726093,-21.3704638],[55.7261483,-21.3704376],[55.7262165,-21.3703839],[55.7262421,-21.3704038],[55.726285,-21.3704098],[55.7263913,-21.3704548],[55.7264443,-21.3704994],[55.7264834,-21.3705061],[55.7265285,-21.3704766],[55.7265203,-21.3704186],[55.7265346,-21.3702977],[55.72657,-21.3702861],[55.7265769,-21.3702281],[55.7265964,-21.3701824],[55.7266415,-21.3701422],[55.7266716,-21.3701461],[55.72675,-21.3702092],[55.7267873,-21.3702122],[55.7268403,-21.370189],[55.7269505,-21.3701194],[55.7269837,-21.3700921],[55.7270021,-21.3700709],[55.7270239,-21.3700381],[55.7269945,-21.37],[55.7269985,-21.3699561],[55.727025,-21.3699134],[55.7270724,-21.3698646],[55.7271244,-21.3698346],[55.7271747,-21.369806],[55.7272665,-21.3698108],[55.7273586,-21.3698591],[55.7274079,-21.3698943],[55.7274467,-21.3699032],[55.7275847,-21.3698637],[55.7276547,-21.3698237],[55.7277929,-21.3697187],[55.7278481,-21.3696549],[55.7278997,-21.369566],[55.7279288,-21.3694959],[55.7279752,-21.3694547],[55.7280526,-21.3694521],[55.7280677,-21.3694561],[55.7280879,-21.3694612],[55.7281398,-21.3694975],[55.7282784,-21.3696554],[55.7283244,-21.3696729],[55.7283765,-21.3696701],[55.7286801,-21.3695411],[55.7287988,-21.3694941],[55.7288202,-21.3694742],[55.7289402,-21.3693629],[55.7290983,-21.3693659],[55.7291973,-21.3693435],[55.7292548,-21.3693304],[55.7294844,-21.3693246],[55.7297729,-21.3692512],[55.7300265,-21.3692674],[55.7301573,-21.3693238],[55.7303771,-21.369353],[55.7306012,-21.3694709],[55.7307619,-21.3695918],[55.7308948,-21.3696465],[55.7309527,-21.3697021],[55.7309801,-21.3697465],[55.731003,-21.3698059],[55.7309876,-21.3698667],[55.7309429,-21.3699602],[55.7309404,-21.3700184],[55.7309163,-21.3700651],[55.7308905,-21.3701369],[55.730901,-21.3702149],[55.7308775,-21.3702642],[55.7308738,-21.3702936],[55.7309485,-21.3703513],[55.7309799,-21.3704118],[55.731017,-21.3705151],[55.7311595,-21.3705062],[55.7312179,-21.37048],[55.7312637,-21.3705158],[55.7313682,-21.3704503],[55.7314175,-21.370462],[55.7313961,-21.3702619],[55.731384,-21.3699399],[55.7313513,-21.3697482],[55.7313378,-21.3695567],[55.7314083,-21.3696189],[55.7314611,-21.3696816],[55.7315141,-21.3697326],[55.7315712,-21.3697519],[55.7320276,-21.3698093],[55.7321678,-21.3697922],[55.7322604,-21.3698177],[55.7323153,-21.3697848],[55.732424,-21.3697842],[55.7324761,-21.3697939],[55.7324926,-21.3698246],[55.7326957,-21.3697379],[55.7329347,-21.3697361],[55.7329728,-21.3697203],[55.7329659,-21.3697001],[55.7329295,-21.3696649],[55.7329497,-21.3696106],[55.7329114,-21.3695796],[55.7329312,-21.3695277],[55.7329549,-21.3695113],[55.7330081,-21.3693713],[55.7330428,-21.3693605],[55.7330808,-21.3693487],[55.7332202,-21.3693296],[55.7332332,-21.3692754],[55.7332652,-21.3692277],[55.7333055,-21.3691851],[55.7333658,-21.3691397],[55.7334615,-21.3691023],[55.73353,-21.3690939],[55.733664,-21.368954],[55.7337561,-21.3688709],[55.7339012,-21.3688169],[55.7340711,-21.3687226],[55.7341942,-21.3686582],[55.7342878,-21.3686788],[55.7344819,-21.3687651],[55.7345704,-21.3687987],[55.7346545,-21.3688202],[55.7347569,-21.3688624],[55.7347951,-21.3690584],[55.7348116,-21.3691146],[55.7348668,-21.3691325],[55.7349462,-21.3691169],[55.7351692,-21.3689241],[55.7352224,-21.3688685],[55.7352823,-21.3688433],[55.7353649,-21.3688378],[55.7354182,-21.3688716],[55.7354635,-21.3688892],[55.7355553,-21.3688683],[55.7356298,-21.3688252],[55.735827,-21.368665],[55.7359283,-21.3686544],[55.7359929,-21.3686713],[55.7360525,-21.3686402],[55.7361184,-21.3685778],[55.7363736,-21.3686082],[55.7365484,-21.3686167],[55.7367226,-21.3685944],[55.7368946,-21.3686067],[55.7371017,-21.3686377],[55.737397,-21.3686338],[55.7376872,-21.3686485],[55.7381188,-21.3687579],[55.7386895,-21.3689138],[55.7388351,-21.3689987],[55.738903,-21.3690516],[55.7390398,-21.3691296],[55.7391345,-21.3691535],[55.7399403,-21.3692546],[55.7399865,-21.369201],[55.7400557,-21.3691413],[55.7403005,-21.3690078],[55.7404034,-21.3689848],[55.7405422,-21.3689865],[55.7407414,-21.3690156],[55.740795,-21.3690309],[55.7409008,-21.36905],[55.7409874,-21.3690524],[55.7411062,-21.3690223],[55.7412987,-21.3689449],[55.7413775,-21.3689327],[55.7416176,-21.3688716],[55.7417622,-21.368866],[55.7418351,-21.3688688],[55.7419957,-21.3688928],[55.7420715,-21.3688931],[55.7421563,-21.3689041],[55.7422494,-21.3689024],[55.7427562,-21.3689398],[55.7428406,-21.368952],[55.7429827,-21.3689844],[55.7430823,-21.3689951],[55.7431736,-21.3689805],[55.7432438,-21.3689932],[55.7433151,-21.3689976],[55.7434103,-21.3688959],[55.7434805,-21.3689005],[55.7435394,-21.3688653],[55.7435796,-21.3688113],[55.7436472,-21.3688199],[55.7437206,-21.3688188],[55.7437846,-21.3687863],[55.744,-21.36881],[55.7440728,-21.36879],[55.7441294,-21.3687454],[55.7441902,-21.3687084],[55.744325,-21.3686464],[55.7444304,-21.3685417],[55.7444919,-21.3685028],[55.7446486,-21.3684254],[55.744832,-21.3684155],[55.7449372,-21.3683974],[55.7451196,-21.3683922],[55.7452865,-21.368438],[55.7454603,-21.3684556],[55.7457194,-21.3684076],[55.7459636,-21.3683481],[55.7460439,-21.3683068],[55.7463636,-21.3682252],[55.7466863,-21.3682223],[55.7467809,-21.3682292],[55.7469805,-21.3682913],[55.7470513,-21.36832],[55.7472126,-21.3684149],[55.7472811,-21.3684337],[55.7473509,-21.3684153],[55.7475028,-21.3684212],[55.7475758,-21.3684312],[55.7476479,-21.3684075],[55.7477091,-21.3683801],[55.7477582,-21.368326],[55.7478329,-21.368208],[55.747931,-21.3680848],[55.7480075,-21.3680338],[55.7480735,-21.368021],[55.748231,-21.3679697],[55.7482811,-21.3679241],[55.7484702,-21.3676755],[55.7485176,-21.3676292],[55.7485782,-21.3675826],[55.7486437,-21.3675473],[55.7487142,-21.3675301],[55.7488561,-21.3674757],[55.7490289,-21.367434],[55.7490946,-21.3674081],[55.7492324,-21.3674332],[55.7493064,-21.3674324],[55.7495044,-21.3673746],[55.7495849,-21.3673391],[55.7498926,-21.3673288],[55.7499658,-21.3673396],[55.750112,-21.3673767],[55.7501745,-21.3674024],[55.7502499,-21.3674143],[55.7504342,-21.367516],[55.7506445,-21.3676988],[55.7507066,-21.3677353],[55.7507857,-21.367727],[55.7509109,-21.3676651],[55.7512167,-21.367534],[55.7512877,-21.36751],[55.7513548,-21.3674763],[55.751409,-21.36743],[55.7514305,-21.367375],[55.7513836,-21.3673268],[55.7513554,-21.3672677],[55.7513659,-21.3671619],[55.751405,-21.3671235],[55.7514095,-21.3670764],[55.7514342,-21.3670066],[55.7514694,-21.366947],[55.751511,-21.3668892],[55.7515709,-21.3668294],[55.7517063,-21.366746],[55.7518536,-21.3666777],[55.7519491,-21.3666427],[55.7521237,-21.3665993],[55.7523026,-21.3665258],[55.7523728,-21.3665066],[55.7524645,-21.3664923],[55.7525604,-21.3664632],[55.7526174,-21.3664179],[55.7526843,-21.366401],[55.752783,-21.3663995],[55.7528518,-21.3664053],[55.752917,-21.366383],[55.7530443,-21.3663044],[55.7530997,-21.3662529],[55.7532004,-21.3661445],[55.753208,-21.3661294],[55.7532201,-21.3661233],[55.7532345,-21.3660965],[55.7533267,-21.3658155],[55.7533273,-21.365735],[55.7533459,-21.3655595],[55.7534147,-21.3654195],[55.7535161,-21.3652387],[55.7535835,-21.3650333],[55.7535842,-21.3650178],[55.7536563,-21.3648785],[55.7537127,-21.3647968],[55.7538226,-21.3647167],[55.7539307,-21.3646074],[55.7540653,-21.3645628],[55.7540887,-21.3645008],[55.7540842,-21.3643637],[55.7541117,-21.364303],[55.7541178,-21.3642408],[55.754126,-21.364229],[55.7541566,-21.3642053],[55.7541597,-21.3641724],[55.7544108,-21.3639771],[55.754473,-21.3639442],[55.7545353,-21.3639157],[55.7546075,-21.3638955],[55.7547121,-21.3638135],[55.7547623,-21.3637287],[55.754792,-21.3636645],[55.7548253,-21.3636195],[55.7548333,-21.3636021],[55.7548754,-21.3635453],[55.7549222,-21.3634996],[55.7549792,-21.3634548],[55.7551408,-21.3634292],[55.7552267,-21.3634213],[55.7553673,-21.3633869],[55.7554418,-21.3633744],[55.7555071,-21.3633307],[55.7556391,-21.3632542],[55.7557894,-21.3632181],[55.755925,-21.3631542],[55.7560589,-21.3630936],[55.7561243,-21.3630501],[55.756257,-21.3629783],[55.7563218,-21.3629543],[55.7564766,-21.3629365],[55.7565992,-21.362879],[55.7566687,-21.3628765],[55.756708,-21.3628863],[55.7568935,-21.3629301],[55.7573699,-21.3630355],[55.7574406,-21.3630602],[55.757565,-21.3631338],[55.7577814,-21.3632086],[55.7578607,-21.3632496],[55.7579576,-21.3632735],[55.7581302,-21.3633544],[55.7583144,-21.3633771],[55.7584893,-21.3633786],[55.7585674,-21.3633626],[55.7586529,-21.3633635],[55.7587274,-21.363373],[55.7588146,-21.363412],[55.7588864,-21.3634004],[55.7590131,-21.3633313],[55.7590921,-21.3633319],[55.759169,-21.3633465],[55.7592324,-21.363373],[55.7593314,-21.3634627],[55.7594021,-21.3634693],[55.7594686,-21.3635019],[55.759511,-21.3635608],[55.7595652,-21.3636007],[55.759703,-21.3636198],[55.7597148,-21.3636879],[55.7598035,-21.3637948],[55.7598233,-21.3638564],[55.7598312,-21.3639214],[55.759811,-21.3639878],[55.7598372,-21.3640489],[55.7598815,-21.3641054],[55.7599334,-21.3641495],[55.760003,-21.3641625],[55.7600716,-21.364152],[55.7600875,-21.3642162],[55.7601442,-21.3642514],[55.7602114,-21.3642446],[55.7602778,-21.3642598],[55.7602332,-21.3643079],[55.7603009,-21.364322],[55.7603645,-21.3642942],[55.7604349,-21.3643162],[55.7605756,-21.3642762],[55.7607218,-21.3642772],[55.7609895,-21.3641375],[55.7610303,-21.3640836],[55.761098,-21.3640713],[55.7611617,-21.3640465],[55.7612137,-21.3640008],[55.7613353,-21.363929],[55.7614012,-21.3638412],[55.7614606,-21.3638746],[55.7615291,-21.3638859],[55.7615989,-21.363912],[55.761671,-21.3639291],[55.7617435,-21.3639309],[55.7618177,-21.3639083],[55.7618856,-21.3638748],[55.7619597,-21.3638732],[55.7620243,-21.3638945],[55.7620891,-21.3639354],[55.7621522,-21.363966],[55.7621973,-21.3640159],[55.7622534,-21.3640529],[55.7623286,-21.3640674],[55.7623622,-21.3640698],[55.7623693,-21.363999],[55.762405,-21.3639926],[55.7624107,-21.3639366],[55.7626199,-21.3638992],[55.7626869,-21.3638627],[55.7627537,-21.3638365],[55.7628059,-21.3637919],[55.7629413,-21.363633],[55.7630072,-21.3635873],[55.7630727,-21.3635653],[55.7632142,-21.3635565],[55.7632926,-21.3635428],[55.7633601,-21.363519],[55.7634826,-21.3634396],[55.7635516,-21.3634335],[55.7636146,-21.3634715],[55.7637298,-21.3635787],[55.7637316,-21.3636484],[55.7637597,-21.3637073],[55.7638268,-21.363726],[55.7638966,-21.3637157],[55.7639371,-21.3636636],[55.7639919,-21.3636184],[55.7641182,-21.3635363],[55.7641885,-21.3635211],[55.7642545,-21.3635504],[55.7642646,-21.3636216],[55.7641616,-21.3638118],[55.7641371,-21.3638751],[55.7641251,-21.3639385],[55.7641382,-21.3640023],[55.7641974,-21.3640454],[55.7642666,-21.364021],[55.7644354,-21.3638906],[55.7644801,-21.3639397],[55.7645524,-21.3639347],[55.7646025,-21.3639781],[55.7646769,-21.3639843],[55.7646925,-21.3640509],[55.7647598,-21.3640701],[55.7648151,-21.3640231],[55.7648763,-21.3639827],[55.7649618,-21.363944],[55.7650287,-21.3639341],[55.7650854,-21.3638985],[55.7651299,-21.3638508],[55.7651604,-21.3637916],[55.7652277,-21.3637616],[55.7652965,-21.363782],[55.7653553,-21.3638205],[55.7654127,-21.3638813],[55.7654338,-21.3639541],[55.7654281,-21.3641674],[55.7654682,-21.3642295],[55.7655187,-21.3642764],[55.7655764,-21.3643174],[55.7656358,-21.3643485],[55.765805,-21.3643511],[55.7658729,-21.364362],[55.7659419,-21.364382],[55.7660149,-21.3643483],[55.7660927,-21.3643376],[55.7661364,-21.3643934],[55.7661186,-21.364461],[55.7660835,-21.3645194],[55.7661465,-21.3645513],[55.7662048,-21.3644988],[55.7662461,-21.3644384],[55.7662957,-21.3643891],[55.7663156,-21.3643217],[55.7663865,-21.3642931],[55.7664565,-21.364299],[55.7665237,-21.3643156],[55.7665697,-21.3643629],[55.7666432,-21.3643748],[55.7667824,-21.3643426],[55.7668369,-21.3644129],[55.7668689,-21.3645322],[55.7669418,-21.3645801],[55.7669912,-21.3646353],[55.767008,-21.3646778],[55.7669217,-21.3646954],[55.7668968,-21.3647544],[55.7669187,-21.3648061],[55.7671418,-21.3649834],[55.767055,-21.3651339],[55.7670411,-21.3652003],[55.7670465,-21.3652185],[55.7670032,-21.3652422],[55.7669989,-21.3652633],[55.7670059,-21.3652808],[55.766946,-21.3653131],[55.7669988,-21.3653545],[55.7669957,-21.3654371],[55.7670631,-21.3654451],[55.7671252,-21.3654059],[55.7671479,-21.365386],[55.7671567,-21.3653625],[55.7671518,-21.3652953],[55.7671895,-21.365238],[55.7672276,-21.365177],[55.7672852,-21.3651235],[55.7673568,-21.3651179],[55.7675938,-21.3651783],[55.7676532,-21.3651853],[55.7677225,-21.3651368],[55.7677333,-21.3652066],[55.7677981,-21.3652328],[55.7678906,-21.3653154],[55.7679375,-21.3653664],[55.7679536,-21.3654686],[55.7679102,-21.3655254],[55.767874,-21.3655868],[55.7679305,-21.3656349],[55.7680642,-21.3655655],[55.7682505,-21.3654235],[55.7683594,-21.3653999],[55.7684105,-21.3653558],[55.7684801,-21.3653583],[55.7684871,-21.3654271],[55.7685992,-21.3655125],[55.7686642,-21.3655247],[55.7687341,-21.3655461],[55.768765,-21.3655283],[55.7687694,-21.3655115],[55.7687659,-21.3655003],[55.7687445,-21.3654318],[55.7688108,-21.3654489],[55.768772,-21.3653117],[55.768735,-21.3652632],[55.7687434,-21.3651975],[55.7688174,-21.3651081],[55.7689208,-21.3650719],[55.7689526,-21.3650882],[55.7689922,-21.3650601],[55.7690032,-21.3650039],[55.7689846,-21.3649335],[55.7690234,-21.3648804],[55.7690675,-21.3648267],[55.7691361,-21.3648104],[55.7691998,-21.3648481],[55.7692433,-21.3649009],[55.7692884,-21.3649656],[55.7692941,-21.3650331],[55.7693232,-21.3650828],[55.7693688,-21.3651863],[55.7693951,-21.3652965],[55.7696777,-21.3653639],[55.7697441,-21.3653865],[55.7698084,-21.3654217],[55.7699539,-21.3654424],[55.7699892,-21.3653838],[55.7700569,-21.3653575],[55.7700662,-21.3652977],[55.7700817,-21.3652973],[55.7701296,-21.3653395],[55.7701828,-21.3653079],[55.770248,-21.3652918],[55.7702557,-21.365261],[55.770251,-21.3652281],[55.7703026,-21.3652183],[55.7702876,-21.3652776],[55.7703644,-21.3653345],[55.7703505,-21.3653785],[55.7703512,-21.3654263],[55.7703658,-21.3654347],[55.7704624,-21.3653648],[55.7704903,-21.3653981],[55.770458,-21.3654215],[55.7704485,-21.3654486],[55.7704805,-21.365455],[55.7705779,-21.3653659],[55.7705916,-21.3654375],[55.7705655,-21.3655302],[55.7705541,-21.3655787],[55.7707219,-21.3656403],[55.7707907,-21.365693],[55.7708262,-21.3656558],[55.7708429,-21.3656141],[55.7708042,-21.3655779],[55.7707553,-21.3655099],[55.7707278,-21.3655105],[55.7707061,-21.3655292],[55.7706802,-21.3655352],[55.7706616,-21.3655087],[55.770633,-21.365445],[55.7706336,-21.3654293],[55.7706984,-21.3654354],[55.7706749,-21.3653842],[55.7707878,-21.3652488],[55.7708542,-21.365244],[55.7709277,-21.3652784],[55.7710042,-21.3652863],[55.7710073,-21.3653867],[55.7710699,-21.365442],[55.7711785,-21.3654619],[55.7712483,-21.3654307],[55.7714196,-21.3652825],[55.7715587,-21.3651831],[55.7715961,-21.3652023],[55.7716174,-21.3652487],[55.771675,-21.365286],[55.7716986,-21.3653378],[55.7717246,-21.3654136],[55.7717654,-21.3653495],[55.7717793,-21.3652833],[55.7718104,-21.3652425],[55.7718401,-21.3652489],[55.7718393,-21.3652185],[55.771875,-21.3651613],[55.7720372,-21.3651441],[55.7720641,-21.3652178],[55.7720867,-21.3651739],[55.7721594,-21.3651634],[55.7721,-21.3652807],[55.772177,-21.3652968],[55.7721854,-21.3654335],[55.7722059,-21.3654436],[55.7722256,-21.3654307],[55.7722321,-21.3653295],[55.7722385,-21.3652902],[55.7722633,-21.3650008],[55.772284,-21.3649506],[55.7723415,-21.3649283],[55.7724304,-21.3649314],[55.7724673,-21.3649055],[55.7724762,-21.364843],[55.7725012,-21.3648249],[55.7725416,-21.3648203],[55.7727281,-21.3648328],[55.7728181,-21.3648448],[55.7728765,-21.3648818],[55.7729079,-21.3649304],[55.7729518,-21.3650829],[55.7730104,-21.3651926],[55.7731372,-21.3651775],[55.7732671,-21.3650909],[55.7735069,-21.3650028],[55.7735731,-21.3650247],[55.7736345,-21.3650878],[55.7737226,-21.3651324],[55.7737469,-21.3651448],[55.7739786,-21.3651509],[55.7740261,-21.365179],[55.7740727,-21.3652274],[55.7740673,-21.3653006],[55.7740114,-21.3653506],[55.7739758,-21.3654086],[55.7738845,-21.3654751],[55.7737166,-21.3655756],[55.7737094,-21.3655888],[55.7738269,-21.3656677],[55.7741206,-21.3656874],[55.7743303,-21.3656598],[55.7744027,-21.3656256],[55.7744442,-21.3655883],[55.774421,-21.3654934],[55.7744439,-21.365276],[55.7743271,-21.3651484],[55.7743855,-21.3651221],[55.7744559,-21.3651215],[55.7745187,-21.3651678],[55.7745696,-21.3652316],[55.7746192,-21.3653082],[55.774671,-21.3653558],[55.774881,-21.365453],[55.7749949,-21.3654757],[55.775162,-21.3654613],[55.7752602,-21.3654777],[55.7753222,-21.3654692],[55.7753611,-21.365442],[55.7753123,-21.3653974],[55.7754064,-21.3653843],[55.7753006,-21.3652865],[55.7752428,-21.3652674],[55.7751804,-21.3652044],[55.775088,-21.3651241],[55.7750074,-21.365037],[55.7749688,-21.3649716],[55.7749836,-21.3649146],[55.7750366,-21.3648793],[55.7751111,-21.3648771],[55.7751842,-21.3649017],[55.7752039,-21.3648912],[55.7751229,-21.3646989],[55.7751132,-21.3646854],[55.7751109,-21.3646026],[55.7751159,-21.3645361],[55.7751567,-21.3644876],[55.7752239,-21.364438],[55.7753012,-21.3643942],[55.7753775,-21.3643703],[55.775462,-21.3643625],[55.7755325,-21.3643941],[55.7756,-21.3644331],[55.7756309,-21.36446],[55.7756757,-21.3644718],[55.7756576,-21.3644044],[55.7756867,-21.3643875],[55.7757192,-21.3644114],[55.7756989,-21.364342],[55.7757281,-21.3643251],[55.7757879,-21.3643691],[55.7758497,-21.36439],[55.7759544,-21.3644748],[55.7759764,-21.3644619],[55.775976,-21.3644029],[55.7760176,-21.3644034],[55.7760196,-21.3643429],[55.7759953,-21.3643159],[55.7759448,-21.3642878],[55.7759136,-21.3642462],[55.77591,-21.3641911],[55.7759441,-21.3641555],[55.7759187,-21.3641222],[55.7759132,-21.3640983],[55.7759666,-21.364046],[55.7759984,-21.3640471],[55.7760317,-21.3639984],[55.7760287,-21.3639443],[55.7762502,-21.3637349],[55.7762705,-21.363752],[55.7762914,-21.3637933],[55.7763512,-21.363796],[55.7763961,-21.3637573],[55.7763681,-21.3636995],[55.7764867,-21.363719],[55.7766052,-21.3637522],[55.7766987,-21.3637367],[55.7767528,-21.3637089],[55.7768716,-21.363568],[55.7769087,-21.3635114],[55.7768945,-21.3634551],[55.7769117,-21.3634025],[55.7768751,-21.3633525],[55.7768868,-21.3633373],[55.7769091,-21.3633456],[55.7770126,-21.3634104],[55.7770573,-21.3633154],[55.777028,-21.3632614],[55.7772319,-21.3632435],[55.7773084,-21.3632029],[55.7773367,-21.3631534],[55.7773645,-21.3631226],[55.7773827,-21.3631242],[55.7774314,-21.3631531],[55.7774956,-21.3630933],[55.777483,-21.3630805],[55.7775252,-21.3630496],[55.7775983,-21.363088],[55.7776515,-21.3630831],[55.7776896,-21.3631182],[55.7776363,-21.3631658],[55.7776657,-21.3631902],[55.7777529,-21.36318],[55.777868,-21.3631321],[55.7778687,-21.3631155],[55.7778543,-21.3630516],[55.7778602,-21.3629911],[55.7778752,-21.3629601],[55.7778989,-21.3629556],[55.7779015,-21.3629287],[55.7779166,-21.3628977],[55.7779679,-21.362888],[55.7780792,-21.3629112],[55.7781001,-21.3630232],[55.7781213,-21.3630806],[55.7782417,-21.3632293],[55.778292,-21.3632201],[55.7783502,-21.3631886],[55.7783601,-21.3631426],[55.7783981,-21.3630962],[55.778404,-21.3630683],[55.7784033,-21.3630095],[55.7783964,-21.3629731],[55.7783863,-21.3629561],[55.7785728,-21.3628166],[55.7786308,-21.3628055],[55.7789045,-21.3628561],[55.7789495,-21.3628977],[55.7790337,-21.3630336],[55.7790723,-21.3630633],[55.7791397,-21.3630105],[55.7790823,-21.3629288],[55.7791879,-21.3629578],[55.7790573,-21.3627721],[55.7789823,-21.3626462],[55.7789555,-21.3625475],[55.7789848,-21.3624863],[55.7790459,-21.3624319],[55.7791823,-21.3623334],[55.7794086,-21.3621821],[55.7795493,-21.3621086],[55.7795924,-21.3621279],[55.779649,-21.3620857],[55.7796683,-21.3620356],[55.7797138,-21.3620149],[55.7797386,-21.362029],[55.7797592,-21.3620825],[55.7797457,-21.3621606],[55.7797872,-21.3621971],[55.7798955,-21.3620777],[55.7799351,-21.362012],[55.7799369,-21.3619648],[55.7799253,-21.3618967],[55.7799768,-21.3618632],[55.7800331,-21.3618124],[55.7800755,-21.3618462],[55.7801241,-21.3618488],[55.7802444,-21.3618302],[55.7803347,-21.3617999],[55.7803616,-21.3618922],[55.780412,-21.36191],[55.7805317,-21.3618467],[55.7806434,-21.3618091],[55.7806292,-21.3617602],[55.7806847,-21.361747],[55.7806703,-21.3616979],[55.7807374,-21.361652],[55.7808336,-21.3616408],[55.7809442,-21.3615902],[55.7810361,-21.3615628],[55.7811088,-21.361638],[55.7811351,-21.3616736],[55.7811535,-21.3616875],[55.7811891,-21.3616715],[55.781257,-21.3615721],[55.7813818,-21.3614949],[55.7814001,-21.3614517],[55.7814448,-21.3614521],[55.7814622,-21.3615274],[55.781524,-21.3616383],[55.7815904,-21.3616652],[55.7816327,-21.3616352],[55.7816475,-21.361578],[55.7816742,-21.3615725],[55.7817016,-21.3614654],[55.7817504,-21.3613323],[55.7817091,-21.3612606],[55.781731,-21.3612029],[55.7817701,-21.3611787],[55.7818465,-21.3611789],[55.7818885,-21.3611995],[55.7819871,-21.3612878],[55.7820441,-21.361281],[55.7820439,-21.3612644],[55.7820907,-21.3612229],[55.7820753,-21.3611766],[55.7820118,-21.3611107],[55.7819657,-21.3610794],[55.7819126,-21.3610586],[55.7818566,-21.3610169],[55.7818264,-21.3609788],[55.7818594,-21.3609176],[55.7819091,-21.3608784],[55.7819609,-21.3608209],[55.7819754,-21.3607941],[55.7820559,-21.3607287],[55.7821741,-21.36072],[55.7823089,-21.3607336],[55.7823712,-21.3607614],[55.7824113,-21.3607922],[55.7824413,-21.3608446],[55.7824617,-21.3609324],[55.7824808,-21.3610257],[55.7824822,-21.3610981],[55.7825317,-21.3611674],[55.7825946,-21.3612324],[55.7827141,-21.3613261],[55.7827637,-21.3613865],[55.7828141,-21.3614916],[55.7828834,-21.3615722],[55.7829239,-21.3615657],[55.7830055,-21.3615275],[55.7830754,-21.3614816],[55.7831459,-21.3613767],[55.7831758,-21.3613524],[55.7832359,-21.3613595],[55.7832685,-21.3614129],[55.7833713,-21.3613894],[55.7834236,-21.3613647],[55.7834413,-21.3613369],[55.7834632,-21.3612673],[55.7833645,-21.3611616],[55.7834068,-21.3611058],[55.7834193,-21.3609046],[55.7834257,-21.3608001],[55.7834372,-21.3607524],[55.7834289,-21.3607392],[55.7834333,-21.3606171],[55.7834238,-21.3606077],[55.7831471,-21.3604409],[55.7831317,-21.3604377],[55.7830319,-21.3604264],[55.7829836,-21.3603974],[55.78297,-21.3603358],[55.7829738,-21.3602899],[55.7830308,-21.3601581],[55.7831153,-21.3600254],[55.7832109,-21.3599273],[55.7832531,-21.359835],[55.7832936,-21.3597724],[55.7832669,-21.3596912],[55.7832689,-21.3596544],[55.7833451,-21.359478],[55.7833854,-21.3593744],[55.7833884,-21.3593234],[55.7833678,-21.3592871],[55.7833787,-21.3592308],[55.7834526,-21.3591573],[55.7835227,-21.3590932],[55.7837167,-21.3590091],[55.7837979,-21.3589381],[55.7838751,-21.358882],[55.7840525,-21.3588119],[55.7841499,-21.3588114],[55.7842404,-21.3587617],[55.7842811,-21.3587215],[55.7843209,-21.3586695],[55.7843548,-21.3586115],[55.7843804,-21.358576],[55.7843961,-21.3585491],[55.7844909,-21.3584183],[55.7845446,-21.3583566],[55.7846907,-21.358316],[55.7847294,-21.358292],[55.7847767,-21.3582476],[55.7848535,-21.358163],[55.7849008,-21.3581395],[55.7851303,-21.3580909],[55.7851317,-21.3579978],[55.7851803,-21.3579221],[55.7852648,-21.3577897],[55.7853542,-21.3577518],[55.7854087,-21.3577049],[55.785486,-21.3576234],[55.7855159,-21.3575696],[55.7855799,-21.357542],[55.7856305,-21.357567],[55.7856983,-21.357572],[55.7857823,-21.3575355],[55.785833,-21.3575021],[55.7858668,-21.3574284],[55.7858877,-21.3574107],[55.7859081,-21.3573659],[55.7860337,-21.3572593],[55.7860388,-21.3572446],[55.7860651,-21.3572255],[55.7860802,-21.3571822],[55.7861461,-21.3571343],[55.7861913,-21.3571214],[55.7862293,-21.3571409],[55.7862635,-21.3571795],[55.7863022,-21.357257],[55.7863737,-21.3573338],[55.7864459,-21.357335],[55.7865312,-21.3573146],[55.7865886,-21.3572943],[55.7866537,-21.35724],[55.7870109,-21.3569112],[55.7870269,-21.3568731],[55.7870202,-21.3568123],[55.7870629,-21.3567619],[55.7870572,-21.3567108],[55.7871264,-21.3566336],[55.7873036,-21.3564648],[55.7874731,-21.3563771],[55.7875501,-21.356346],[55.7875591,-21.3563173],[55.7875194,-21.3562297],[55.7875665,-21.3561802],[55.7875607,-21.3561673],[55.7876201,-21.356105],[55.7876958,-21.3560387],[55.7878317,-21.3558925],[55.7878764,-21.3558709],[55.7879378,-21.3558509],[55.78797,-21.3558225],[55.7879863,-21.3558078],[55.7880107,-21.3557752],[55.7880129,-21.355724],[55.7880638,-21.3556646],[55.7880782,-21.3556308],[55.7881125,-21.3555888],[55.7881579,-21.355573],[55.7882254,-21.3555597],[55.7884284,-21.3554676],[55.7884566,-21.3554524],[55.7884419,-21.3554311],[55.7884744,-21.3553905],[55.7884924,-21.355382],[55.7884832,-21.3553687],[55.7885157,-21.3553277],[55.7885584,-21.3553086],[55.7886008,-21.3552766],[55.7886537,-21.3552217],[55.7887381,-21.3551768],[55.7887818,-21.3551408],[55.7887816,-21.3551278],[55.7888196,-21.355093],[55.7888199,-21.3548583],[55.7888683,-21.3548163],[55.7888879,-21.3546872],[55.7888621,-21.3546092],[55.788878,-21.354552],[55.7889113,-21.3545026],[55.78898,-21.3544445],[55.7891459,-21.3543839],[55.7892617,-21.3543725],[55.7893754,-21.3543527],[55.789622,-21.3544101],[55.7897194,-21.3544126],[55.7898291,-21.3543659],[55.7898913,-21.3543483],[55.789938,-21.354349],[55.7899778,-21.354363],[55.7901769,-21.3543186],[55.790336,-21.3542947],[55.7904297,-21.3542418],[55.7906047,-21.3541702],[55.7906645,-21.3541533],[55.7907378,-21.3541488],[55.79078,-21.3541263],[55.7908473,-21.3540531],[55.7909406,-21.35401],[55.7910087,-21.3539945],[55.7910694,-21.3539661],[55.7911391,-21.3539683],[55.7911887,-21.3539353],[55.7912063,-21.3539105],[55.7912836,-21.3538751],[55.7913321,-21.3538719],[55.791364,-21.353836],[55.7913916,-21.3537983],[55.7914375,-21.353778],[55.7914687,-21.3538174],[55.7914708,-21.3538667],[55.7914905,-21.3539113],[55.7915271,-21.3539051],[55.7915418,-21.3538708],[55.7915672,-21.3538456],[55.7915832,-21.3538083],[55.7916172,-21.3537747],[55.7916415,-21.3537602],[55.7915863,-21.3536397],[55.7915902,-21.3536072],[55.7916276,-21.3535773],[55.7916339,-21.3535273],[55.7917031,-21.3534517],[55.7918037,-21.3534548],[55.7918466,-21.3534214],[55.7919465,-21.3533215],[55.7920448,-21.3532393],[55.7920988,-21.3531227],[55.792112,-21.3530769],[55.7921675,-21.3530742],[55.7923397,-21.3530861],[55.7923885,-21.3530949],[55.7924914,-21.3530855],[55.792537,-21.3530636],[55.7925451,-21.3530381],[55.7925694,-21.3530247],[55.7925857,-21.352979],[55.7925872,-21.352929],[55.7926018,-21.352912],[55.7926119,-21.3528697],[55.7926181,-21.3528565],[55.7926503,-21.3528113],[55.7926688,-21.3527617],[55.7926852,-21.3526486],[55.7926784,-21.3525918],[55.7927221,-21.3524097],[55.7927179,-21.3523587],[55.7926976,-21.3523076],[55.7926651,-21.3522724],[55.7926145,-21.3522735],[55.7925929,-21.3522304],[55.7926357,-21.3521942],[55.7926556,-21.3521495],[55.7926496,-21.3521027],[55.7927003,-21.3520939],[55.7927467,-21.3520768],[55.7928056,-21.3520423],[55.7928493,-21.3520067],[55.7928693,-21.3519608],[55.7929041,-21.3519271],[55.7929658,-21.3519148],[55.7929868,-21.3519604],[55.792954,-21.3520523],[55.7929509,-21.3520982],[55.7929759,-21.3521388],[55.7930209,-21.3521151],[55.7931002,-21.352029],[55.7931061,-21.3520166],[55.793126,-21.352],[55.7931421,-21.3519655],[55.7931381,-21.3519376],[55.793142,-21.3518877],[55.7931804,-21.351862],[55.7931832,-21.3518254],[55.7932246,-21.3517976],[55.7933191,-21.351753],[55.7933659,-21.3517425],[55.7934036,-21.3517744],[55.7933823,-21.3518193],[55.7933726,-21.3518664],[55.7934097,-21.3519012],[55.7934881,-21.3518431],[55.7935769,-21.3517982],[55.7936256,-21.3517908],[55.7936659,-21.3518186],[55.793717,-21.3518058],[55.7937547,-21.3517668],[55.7937921,-21.3517323],[55.7938434,-21.3516955],[55.7939232,-21.3516393],[55.793997,-21.35158],[55.7940379,-21.3515506],[55.7940781,-21.3515237],[55.7941039,-21.3515045],[55.7942558,-21.3513813],[55.7943963,-21.351281],[55.794431,-21.351237],[55.7944247,-21.3511851],[55.7944369,-21.3511387],[55.7944812,-21.3511127],[55.7945391,-21.3511224],[55.7945857,-21.35114],[55.7946399,-21.3511354],[55.794679,-21.3511066],[55.7947279,-21.3511012],[55.7947657,-21.3511293],[55.7948126,-21.3511412],[55.7948475,-21.3511271],[55.7948495,-21.3510986],[55.7948863,-21.3510729],[55.7948919,-21.3510206],[55.7950091,-21.3509793],[55.7950345,-21.3509395],[55.795069,-21.3509071],[55.7951137,-21.3509316],[55.7951683,-21.350926],[55.795434,-21.3507579],[55.7955153,-21.3506947],[55.7955506,-21.3506572],[55.7955922,-21.3506237],[55.7956381,-21.350599],[55.7956891,-21.3506046],[55.795791,-21.3505859],[55.7958179,-21.3506249],[55.7958638,-21.3506103],[55.7959004,-21.3505793],[55.7959456,-21.3506041],[55.7959909,-21.3505781],[55.7960262,-21.3506099],[55.7960411,-21.3506548],[55.7960731,-21.3506901],[55.7961274,-21.3506814],[55.7961779,-21.3506879],[55.7961847,-21.3507385],[55.7962792,-21.3507838],[55.7963249,-21.3507585],[55.7963692,-21.3507242],[55.7964196,-21.3507066],[55.7964666,-21.3507229],[55.7965164,-21.3507224],[55.7966052,-21.3506706],[55.7966266,-21.3506543],[55.7965987,-21.3506182],[55.7965501,-21.3505993],[55.7964877,-21.3506053],[55.7964302,-21.3506036],[55.7963223,-21.3505774],[55.7962149,-21.3505868],[55.7961847,-21.3505433],[55.7962025,-21.3505253],[55.7962522,-21.3505187],[55.7962261,-21.350481],[55.7962627,-21.3504436],[55.7963655,-21.3504125],[55.7964205,-21.3504169],[55.7965533,-21.3503711],[55.7966094,-21.3503666],[55.7966628,-21.3503831],[55.7967108,-21.3504185],[55.7968214,-21.3504022],[55.7968805,-21.3504107],[55.7969342,-21.3503916],[55.7969694,-21.3503485],[55.7969862,-21.3502964],[55.7969673,-21.3502387],[55.797005,-21.3502092],[55.797065,-21.3501983],[55.7971063,-21.3502247],[55.7970682,-21.3502921],[55.7970385,-21.3503862],[55.7970041,-21.3504185],[55.7969972,-21.3504486],[55.7969755,-21.350467],[55.7970148,-21.3504818],[55.7971347,-21.3504648],[55.7971597,-21.3504199],[55.7972003,-21.3503937],[55.7972488,-21.3503972],[55.7972932,-21.3503804],[55.7973209,-21.3503368],[55.7973351,-21.3503036],[55.7973522,-21.3502706],[55.7974038,-21.3502079],[55.7974103,-21.3501764],[55.7973855,-21.3501599],[55.7974037,-21.3501102],[55.7974471,-21.3501109],[55.7973661,-21.3500568],[55.7974239,-21.3500474],[55.7974948,-21.3500472],[55.7974997,-21.3500266],[55.7974788,-21.3499706],[55.7974626,-21.3499488],[55.7974901,-21.3498676],[55.7974494,-21.3498305],[55.7973332,-21.349756],[55.7972968,-21.3497215],[55.7972695,-21.3496772],[55.7972697,-21.3496312],[55.797293,-21.349591],[55.7973042,-21.3495444],[55.7973779,-21.3494745],[55.7974192,-21.3493889],[55.7974914,-21.3493278],[55.7974655,-21.3492733],[55.7974352,-21.3492614],[55.7974048,-21.3492553],[55.7973993,-21.349227],[55.7973725,-21.3491941],[55.7974803,-21.3491244],[55.7977418,-21.3490321],[55.7978071,-21.349021],[55.797857,-21.3490015],[55.7979397,-21.3489524],[55.7980869,-21.3489049],[55.7981756,-21.3488368],[55.7982827,-21.348785],[55.7983373,-21.3487669],[55.7984339,-21.3487237],[55.7985549,-21.3486338],[55.7986621,-21.3485335],[55.7987109,-21.3485088],[55.7987263,-21.348495],[55.7987434,-21.3484386],[55.7987694,-21.3484269],[55.7987848,-21.3483762],[55.7988487,-21.3483477],[55.7989825,-21.3482195],[55.7990676,-21.3481288],[55.7992581,-21.3478495],[55.7992975,-21.3478036],[55.7993541,-21.3477549],[55.7993903,-21.3477136],[55.7994434,-21.347613],[55.7994571,-21.3475844],[55.7995301,-21.3474712],[55.7996348,-21.3472653],[55.7996516,-21.3471988],[55.7996502,-21.3471844],[55.799689,-21.3470971],[55.7996755,-21.3470471],[55.799685,-21.3470017],[55.7998031,-21.3468357],[55.7998759,-21.3466195],[55.7998932,-21.3465155],[55.799897,-21.3464053],[55.7999156,-21.346356],[55.7999631,-21.3463364],[55.8000264,-21.3463316],[55.8000784,-21.3463096],[55.8001142,-21.3462762],[55.8001263,-21.34626],[55.8001437,-21.3462272],[55.800171,-21.3461562],[55.8001625,-21.3461217],[55.8002022,-21.3460396],[55.8002096,-21.3460005],[55.800333,-21.3458927],[55.8003443,-21.3458794],[55.8003573,-21.3458354],[55.8003761,-21.3456789],[55.8004262,-21.345576],[55.800436,-21.3455453],[55.8004926,-21.3454837],[55.8005318,-21.3454187],[55.8005006,-21.3453895],[55.8005011,-21.3453372],[55.8005374,-21.3452727],[55.8005781,-21.3452106],[55.8006196,-21.3451852],[55.8006702,-21.3451936],[55.8007143,-21.3451686],[55.8007498,-21.3451245],[55.8007936,-21.3450836],[55.800814,-21.3450712],[55.8008112,-21.3450306],[55.8008528,-21.3449726],[55.8008513,-21.3449505],[55.8008223,-21.3449126],[55.8007994,-21.3448696],[55.800877,-21.3447895],[55.800992,-21.3447417],[55.8010513,-21.3446999],[55.8010729,-21.3446801],[55.8010774,-21.344664],[55.8011189,-21.344603],[55.8011105,-21.3445555],[55.8011692,-21.3445085],[55.8012928,-21.344355],[55.8014633,-21.344199],[55.8015836,-21.3441068],[55.8016228,-21.3440604],[55.8017471,-21.3440114],[55.8019014,-21.3438828],[55.8019152,-21.343867],[55.8019203,-21.3438435],[55.801918,-21.3437467],[55.8019342,-21.3436081],[55.8019808,-21.3435007],[55.8020077,-21.3433932],[55.8020546,-21.3432825],[55.8021035,-21.3432242],[55.8021194,-21.3431991],[55.8022034,-21.3430132],[55.8022573,-21.3428942],[55.8022776,-21.3428392],[55.8023067,-21.3427983],[55.8023488,-21.3427625],[55.802398,-21.3427315],[55.8024436,-21.3427137],[55.8024918,-21.3427167],[55.8025391,-21.3426973],[55.8026124,-21.3426256],[55.8026855,-21.3425312],[55.8026935,-21.3425208],[55.802769,-21.3424027],[55.8028011,-21.3423382],[55.8028732,-21.3422336],[55.8029615,-21.3420343],[55.802997,-21.3419292],[55.8030846,-21.3418236],[55.803195,-21.3416436],[55.8032107,-21.3415419],[55.8032158,-21.3415198],[55.8032578,-21.3414886],[55.8033124,-21.3414647],[55.8034309,-21.3413883],[55.8034826,-21.3413395],[55.8035119,-21.34128],[55.8035547,-21.3412147],[55.8035723,-21.3411787],[55.8036538,-21.3410767],[55.8036908,-21.3410072],[55.8037337,-21.340942],[55.8037784,-21.340858],[55.8038084,-21.3408207],[55.8038522,-21.340787],[55.8039029,-21.3407648],[55.8039511,-21.3407649],[55.8040812,-21.3407809],[55.8041328,-21.3407651],[55.8041352,-21.3407418],[55.8041722,-21.3407219],[55.8041765,-21.3406794],[55.8042357,-21.3406475],[55.8042845,-21.3406341],[55.8042945,-21.3405855],[55.8042908,-21.3405394],[55.8043319,-21.3404415],[55.8043675,-21.3403797],[55.8043862,-21.3403203],[55.8043969,-21.3402088],[55.8044131,-21.3401497],[55.8044737,-21.3400592],[55.8045449,-21.3398826],[55.8045854,-21.3398154],[55.804601,-21.3397651],[55.8046039,-21.3397099],[55.8046489,-21.3395777],[55.8046499,-21.3395578],[55.8047199,-21.3393562],[55.8047639,-21.3393249],[55.8048596,-21.3392016],[55.8049494,-21.3391421],[55.8050033,-21.33913],[55.8050492,-21.3390953],[55.8052164,-21.3389238],[55.8052687,-21.3388657],[55.8052736,-21.3388224],[55.8053093,-21.3387818],[55.805315,-21.33876],[55.8053472,-21.3387222],[55.8053882,-21.3386885],[55.8054113,-21.3386302],[55.8054446,-21.3385873],[55.805509,-21.3385499],[55.8056436,-21.3383976],[55.8056874,-21.3383764],[55.8057479,-21.3383804],[55.8057951,-21.3383488],[55.8059358,-21.3382102],[55.8060865,-21.3380526],[55.8061115,-21.3380044],[55.8061302,-21.3379416],[55.8061626,-21.3379089],[55.8061822,-21.3378434],[55.8063198,-21.33763],[55.8063966,-21.3375463],[55.8064588,-21.3375014],[55.8065752,-21.3374558],[55.8066173,-21.3374129],[55.8068412,-21.3371546],[55.8069808,-21.3370203],[55.807021,-21.3369307],[55.8070678,-21.3368519],[55.8071259,-21.3368025],[55.8072399,-21.3367607],[55.807343,-21.3367157],[55.8074272,-21.3366538],[55.8074252,-21.3366255],[55.8074312,-21.336567],[55.8074692,-21.3364949],[55.8074563,-21.3364571],[55.8073925,-21.3364531],[55.8073473,-21.3364269],[55.8073286,-21.3363844],[55.8073398,-21.3363353],[55.8073759,-21.3363002],[55.8074366,-21.3362735],[55.8075105,-21.3362311],[55.8076279,-21.3361986],[55.8076283,-21.3361642],[55.8076286,-21.3361472],[55.807597,-21.3361056],[55.8075986,-21.3360499],[55.807626,-21.3360095],[55.807645,-21.3360567],[55.8076515,-21.3361027],[55.8077026,-21.3360971],[55.8077162,-21.3360862],[55.8077185,-21.3360669],[55.8077042,-21.3360008],[55.8076868,-21.3359579],[55.8076395,-21.3359399],[55.8075996,-21.3359092],[55.8075755,-21.3357048],[55.8075687,-21.335682],[55.8075623,-21.3356027],[55.8075611,-21.3353984],[55.8075757,-21.3352797],[55.8075946,-21.3351626],[55.8076092,-21.3351191],[55.8076691,-21.335127],[55.8077136,-21.335146],[55.8077266,-21.3351178],[55.8077355,-21.335085],[55.8077423,-21.3350235],[55.8077376,-21.3349393],[55.8077623,-21.3348302],[55.8077924,-21.3347327],[55.8078142,-21.3346253],[55.8079073,-21.3344532],[55.8079203,-21.334405],[55.8079558,-21.3343452],[55.8079768,-21.334294],[55.807988,-21.3342084],[55.8080169,-21.3340884],[55.808021,-21.3340398],[55.8080371,-21.3339946],[55.8080621,-21.3339546],[55.8080598,-21.3339091],[55.8080779,-21.3338631],[55.8081262,-21.33378],[55.8081155,-21.3337309],[55.8081069,-21.3337191],[55.8081299,-21.3336306],[55.8081095,-21.3335801],[55.8081273,-21.3334781],[55.8081777,-21.3333649],[55.8082038,-21.3333025],[55.8082234,-21.3332241],[55.8082607,-21.3330375],[55.8083182,-21.332899],[55.8083464,-21.3327576],[55.8083702,-21.3326926],[55.8083985,-21.3326479],[55.8084443,-21.3324724],[55.8084572,-21.3324148],[55.8084973,-21.3323501],[55.8085175,-21.3323133],[55.8085535,-21.332255],[55.8085901,-21.3321808],[55.8086898,-21.3319994],[55.8087075,-21.3319641],[55.8087742,-21.3318878],[55.8088533,-21.3317584],[55.8089306,-21.3316176],[55.808969,-21.3315602],[55.8090524,-21.3314304],[55.809107,-21.3313549],[55.8091248,-21.3313206],[55.8091411,-21.3313064],[55.8091661,-21.3312582],[55.8092167,-21.3312142],[55.8092742,-21.3311816],[55.8093249,-21.3311435],[55.809365,-21.3310434],[55.8093766,-21.3309906],[55.8093756,-21.3309241],[55.809344,-21.3308063],[55.8093822,-21.3307325],[55.8093772,-21.3307202],[55.8091151,-21.3304012],[55.8091033,-21.330384],[55.8089272,-21.3301726],[55.8088516,-21.3300874],[55.8087467,-21.3300437],[55.808698,-21.3299786],[55.8086651,-21.3299144],[55.8085949,-21.3298159],[55.8085611,-21.3297557],[55.8085536,-21.3297147],[55.8085402,-21.3297012],[55.808458,-21.3296619],[55.8084293,-21.329617],[55.8084078,-21.3295643],[55.8084095,-21.329542],[55.8083072,-21.3294173],[55.8082927,-21.329404],[55.8082829,-21.3293831],[55.8080989,-21.3290976],[55.8080286,-21.3290184],[55.807985,-21.3289208],[55.8079497,-21.328879],[55.8079082,-21.3288132],[55.8079031,-21.3287938],[55.8067669,-21.3270303],[55.806751,-21.3270114],[55.8066812,-21.3268978],[55.8066257,-21.3267674],[55.8065428,-21.3266383],[55.8064334,-21.3264237],[55.8063984,-21.3262886],[55.8063738,-21.32624],[55.8063364,-21.3261849],[55.8062936,-21.3260783],[55.806282,-21.3260057],[55.8062273,-21.3258725],[55.8061671,-21.3256629],[55.806115,-21.3253902],[55.8061103,-21.3253149],[55.8060164,-21.324777],[55.8059971,-21.3247522],[55.8059622,-21.3246474],[55.8059755,-21.3245737],[55.8059476,-21.3244547],[55.8059399,-21.3243835],[55.8059259,-21.3243279],[55.8059166,-21.324235],[55.8059181,-21.324214],[55.8058958,-21.3240865],[55.8059059,-21.3240534],[55.8059044,-21.3239891],[55.8058505,-21.3237929],[55.8058443,-21.3237459],[55.8058498,-21.323694],[55.8058794,-21.3235975],[55.805869,-21.3235312],[55.8058519,-21.3234812],[55.8058167,-21.3234297],[55.8057914,-21.3233684],[55.805779,-21.323238],[55.805751,-21.3231589],[55.8056974,-21.3229478],[55.8057069,-21.3228869],[55.8056899,-21.3227667],[55.8056529,-21.3226944],[55.8056085,-21.3224403],[55.8055287,-21.3221751],[55.8055429,-21.3220652],[55.805524,-21.3219563],[55.8055317,-21.3218967],[55.8055269,-21.3217796],[55.8055348,-21.3217117],[55.8055156,-21.3216495],[55.805475,-21.321583],[55.8054486,-21.3215244],[55.8053795,-21.3211287],[55.8053556,-21.3210629],[55.8053407,-21.3209832],[55.8053163,-21.3209062],[55.8053096,-21.3208476],[55.8053254,-21.3208183],[55.8052716,-21.3205104],[55.8052742,-21.3204897],[55.8052606,-21.3203238],[55.8052247,-21.3202419],[55.805196,-21.3200856],[55.8051697,-21.3200018],[55.8051684,-21.3199565],[55.8051561,-21.319902],[55.8051483,-21.3198293],[55.8051036,-21.319582],[55.8050965,-21.3195186],[55.8051036,-21.3194706],[55.8051661,-21.3193906],[55.8052106,-21.3193673],[55.8054392,-21.3193152],[55.8055626,-21.3192588],[55.8054855,-21.3191778],[55.8054538,-21.3191263],[55.8055044,-21.319086],[55.8054884,-21.3190532],[55.8055256,-21.3190179],[55.8055607,-21.319028],[55.805598,-21.3189935],[55.8056056,-21.3189797],[55.8055701,-21.3188574],[55.8055591,-21.3187974],[55.8055883,-21.3187567],[55.8056442,-21.318751],[55.8057429,-21.3187678],[55.8057889,-21.318767],[55.8057461,-21.3187254],[55.8056783,-21.3186829],[55.8056329,-21.3185895],[55.8056336,-21.3184959],[55.8056307,-21.3184756],[55.8055898,-21.3183438],[55.8055859,-21.3182955],[55.8055682,-21.3182738],[55.8054734,-21.3179677],[55.8054554,-21.3179518],[55.805419,-21.3178848],[55.8054309,-21.3178358],[55.8055663,-21.3177611],[55.8056578,-21.3177354],[55.8057715,-21.3176758],[55.8058102,-21.3176834],[55.8058079,-21.3176416],[55.8058509,-21.3176092],[55.8058491,-21.3175791],[55.8058993,-21.3175378],[55.8057469,-21.3175043],[55.8057393,-21.3174937],[55.8057857,-21.3174385],[55.8056573,-21.3173808],[55.8056408,-21.3173093],[55.8056087,-21.3172681],[55.8055582,-21.3172573],[55.8054899,-21.3172733],[55.8054478,-21.3172887],[55.8052548,-21.3172034],[55.8051789,-21.317209],[55.8051311,-21.3172205],[55.8050726,-21.3171775],[55.8050457,-21.3171235],[55.8049944,-21.3168924],[55.8050401,-21.316797],[55.8050123,-21.3167385],[55.8049088,-21.3165747],[55.8049085,-21.3165202],[55.8048377,-21.3164231],[55.8048538,-21.316374],[55.8048906,-21.3163391],[55.8049009,-21.3162798],[55.8048885,-21.3162475],[55.8048739,-21.316213],[55.8048314,-21.3161732],[55.8048239,-21.3161259],[55.804841,-21.3161245],[55.8048017,-21.3160217],[55.8047804,-21.3159782],[55.8047698,-21.3159256],[55.8047838,-21.3158743],[55.8047539,-21.3156265],[55.804738,-21.3155817],[55.8047378,-21.3155305],[55.8047555,-21.3154808],[55.8048045,-21.3154377],[55.8048612,-21.3154259],[55.8050284,-21.3154835],[55.8051273,-21.3155079],[55.805182,-21.3155095],[55.8052607,-21.3154965],[55.8053452,-21.3154388],[55.805286,-21.3154329],[55.8052339,-21.3154464],[55.805157,-21.3154333],[55.8050833,-21.3154147],[55.8052014,-21.3153714],[55.8049808,-21.315316],[55.8049303,-21.3152942],[55.804843,-21.3152398],[55.8048174,-21.3151925],[55.8048339,-21.3151473],[55.805013,-21.3151511],[55.8049985,-21.315135],[55.8049843,-21.3151289],[55.8048928,-21.3150285],[55.804844,-21.3150088],[55.8048215,-21.3149571],[55.8048251,-21.3149046],[55.8048445,-21.3148548],[55.804835,-21.3147855],[55.8048486,-21.3146632],[55.8048402,-21.3145479],[55.8048443,-21.3144984],[55.8048949,-21.3144765],[55.8049287,-21.3144392],[55.8049406,-21.3143749],[55.8049172,-21.3142266],[55.8048375,-21.3140111],[55.8047994,-21.3139494],[55.8047655,-21.3139121],[55.8047482,-21.3138684],[55.8047666,-21.3138255],[55.8047924,-21.3137866],[55.8048009,-21.3137358],[55.8048194,-21.3136917],[55.8048647,-21.3136658],[55.8048529,-21.313619],[55.8048006,-21.3136055],[55.8047777,-21.3135657],[55.8047119,-21.3133906],[55.8046989,-21.3133091],[55.804693,-21.3132944],[55.8046613,-21.3132301],[55.8046429,-21.3132041],[55.8046091,-21.3131423],[55.8045818,-21.3130701],[55.8043856,-21.3126709],[55.8043724,-21.3126515],[55.8043657,-21.3126056],[55.8043811,-21.312552],[55.8043914,-21.3124522],[55.8043723,-21.3124091],[55.8043608,-21.3123625],[55.8043843,-21.3123292],[55.8044206,-21.3122984],[55.8044814,-21.3122794],[55.8045782,-21.3122305],[55.8046274,-21.3122339],[55.8046585,-21.3122404],[55.8046479,-21.3122234],[55.8046081,-21.3121946],[55.804599,-21.3121461],[55.8045511,-21.3121193],[55.8044935,-21.3121162],[55.8044736,-21.3121021],[55.8044862,-21.3120192],[55.8044816,-21.3119555],[55.8044804,-21.3119269],[55.8044907,-21.3119098],[55.8044924,-21.3118408],[55.8044692,-21.3118006],[55.8044574,-21.3116649],[55.8044694,-21.3116482],[55.8044854,-21.3116015],[55.80446,-21.3115353],[55.8044439,-21.3115124],[55.8044124,-21.3111523],[55.8044043,-21.3111339],[55.8043498,-21.3110767],[55.8043211,-21.3110236],[55.8043216,-21.3109767],[55.8043561,-21.3109363],[55.8043842,-21.3108311],[55.8044021,-21.3106461],[55.8043945,-21.3105967],[55.8044319,-21.3105677],[55.8045741,-21.3106115],[55.8046355,-21.3106221],[55.804731,-21.3106037],[55.8047679,-21.3105906],[55.8047618,-21.3105359],[55.8046669,-21.3104633],[55.8047108,-21.3104057],[55.8046593,-21.3103825],[55.8046644,-21.3103601],[55.8046379,-21.3102986],[55.8045829,-21.3102815],[55.8045295,-21.3102851],[55.8044755,-21.3102993],[55.8043977,-21.3102683],[55.8043282,-21.3102638],[55.8042825,-21.3102194],[55.8042228,-21.3101823],[55.80415,-21.3101861],[55.8040761,-21.3101602],[55.8040333,-21.3101141],[55.8040064,-21.3100704],[55.8039865,-21.3100152],[55.804013,-21.3099498],[55.8040628,-21.30992],[55.804086,-21.3098608],[55.804011,-21.3097948],[55.8039962,-21.3096969],[55.8039434,-21.30965],[55.8039296,-21.3096033],[55.8039776,-21.3095745],[55.8039998,-21.3095478],[55.8039964,-21.309511],[55.8039826,-21.3095028],[55.8039204,-21.3093493],[55.8038948,-21.3093016],[55.8039489,-21.3091857],[55.8039994,-21.3089965],[55.8040325,-21.3089383],[55.8040815,-21.3088937],[55.8041244,-21.3088807],[55.8042361,-21.3088852],[55.8043446,-21.3089287],[55.8043693,-21.308846],[55.8043444,-21.3088104],[55.8043505,-21.3087639],[55.8043967,-21.3087451],[55.8044558,-21.3087616],[55.8044257,-21.3086812],[55.8044673,-21.3086196],[55.8045165,-21.3085468],[55.8045333,-21.3085536],[55.8045315,-21.308535],[55.8044907,-21.3085276],[55.8044712,-21.3085346],[55.8044559,-21.3085279],[55.804477,-21.3084507],[55.8044252,-21.3083849],[55.804407,-21.3083815],[55.8042953,-21.3082873],[55.8042728,-21.3082399],[55.8042539,-21.3082263],[55.8042699,-21.3081544],[55.804265,-21.3080559],[55.80428,-21.3079929],[55.804304,-21.307954],[55.804352,-21.3078973],[55.8043842,-21.3078845],[55.8044308,-21.3078997],[55.804478,-21.3079306],[55.8045594,-21.3079462],[55.8046089,-21.3079618],[55.8046451,-21.3079156],[55.8046312,-21.307864],[55.8045405,-21.3078067],[55.804512,-21.3077787],[55.8045206,-21.3077386],[55.8045838,-21.3076802],[55.8046114,-21.3076681],[55.8046464,-21.3076832],[55.8046511,-21.3077046],[55.8047091,-21.307699],[55.8048037,-21.3077004],[55.8048279,-21.3076644],[55.8049012,-21.3075624],[55.8048999,-21.307548],[55.804866,-21.3074709],[55.8048207,-21.3074518],[55.8047723,-21.3074453],[55.8047327,-21.3074107],[55.8047171,-21.3073746],[55.8047383,-21.3073496],[55.8047516,-21.3073179],[55.8047168,-21.3072519],[55.804699,-21.3071958],[55.8046994,-21.3071742],[55.8047242,-21.3071003],[55.8047496,-21.30708],[55.8048106,-21.3070534],[55.8048676,-21.3070772],[55.8049167,-21.3070779],[55.805025,-21.3071081],[55.805156,-21.3071029],[55.8052095,-21.3070899],[55.805259,-21.3070633],[55.8052537,-21.307049],[55.8052316,-21.3070238],[55.8051912,-21.3070067],[55.8051399,-21.3070013],[55.8050878,-21.3070137],[55.8050427,-21.3070083],[55.8052307,-21.3069448],[55.8051812,-21.3069389],[55.8051292,-21.3069513],[55.8050902,-21.3069482],[55.8050506,-21.3069337],[55.8051337,-21.3068871],[55.8050471,-21.3068379],[55.8049803,-21.3068509],[55.8049307,-21.3068478],[55.8048144,-21.3068921],[55.8047679,-21.306902],[55.8047388,-21.3068908],[55.8047168,-21.306862],[55.8047085,-21.3068403],[55.8046952,-21.3067833],[55.8046968,-21.3067526],[55.8047276,-21.306726],[55.8047585,-21.3067122],[55.8047785,-21.3066744],[55.8046617,-21.3065804],[55.8045895,-21.3065288],[55.8045803,-21.3064819],[55.804597,-21.3064503],[55.8046588,-21.3064463],[55.8047158,-21.3064256],[55.8047269,-21.3063882],[55.8046759,-21.3063421],[55.8047392,-21.3062746],[55.8047564,-21.3062399],[55.8047861,-21.3061457],[55.8048881,-21.3061905],[55.8049542,-21.3062049],[55.8050837,-21.3062074],[55.8052838,-21.3061641],[55.805304,-21.3061517],[55.805268,-21.3061195],[55.8052607,-21.3061049],[55.8052814,-21.3060644],[55.8052504,-21.3060571],[55.8052314,-21.3060444],[55.805215,-21.3060288],[55.805319,-21.306001],[55.8052916,-21.3059946],[55.8052727,-21.305982],[55.8052038,-21.3059162],[55.8052024,-21.305862],[55.8051812,-21.3058437],[55.8050873,-21.3058157],[55.8050547,-21.3057342],[55.8050575,-21.3057173],[55.8050938,-21.3056631],[55.8050642,-21.3056189],[55.8050477,-21.3055517],[55.8050225,-21.3053986],[55.8050267,-21.3052855],[55.805022,-21.3051944],[55.804989,-21.3051136],[55.8049485,-21.3050777],[55.804903,-21.3050494],[55.8048316,-21.3050291],[55.8047953,-21.3050591],[55.804742,-21.3050706],[55.8047053,-21.3050323],[55.8046791,-21.3050422],[55.8046464,-21.3049947],[55.8046105,-21.304958],[55.8045941,-21.3049144],[55.8045966,-21.3048685],[55.8045143,-21.3048009],[55.8044984,-21.3047534],[55.8044978,-21.3046973],[55.8045229,-21.3046335],[55.8045823,-21.3045376],[55.8046434,-21.3044705],[55.8046849,-21.3044472],[55.8047549,-21.3044326],[55.8048846,-21.3044628],[55.8049645,-21.3044545],[55.8050959,-21.3044751],[55.8051874,-21.3044988],[55.8052485,-21.304507],[55.8052867,-21.3044669],[55.8053577,-21.3043667],[55.8053829,-21.3043616],[55.8053799,-21.304328],[55.8053595,-21.3042872],[55.8053096,-21.304286],[55.8052724,-21.3042546],[55.8052179,-21.3042487],[55.8051713,-21.3042668],[55.8051318,-21.3042961],[55.8050817,-21.304303],[55.8050638,-21.3042963],[55.8053095,-21.3041934],[55.8052592,-21.3041862],[55.8052126,-21.3042044],[55.8051731,-21.3042337],[55.805123,-21.3042406],[55.8050063,-21.3041964],[55.8048408,-21.3041486],[55.8048013,-21.3041192],[55.804773,-21.3040534],[55.8047571,-21.3039798],[55.8047369,-21.3037808],[55.8047451,-21.3037335],[55.8047461,-21.3037089],[55.8047274,-21.30357],[55.8047188,-21.3035357],[55.804727,-21.3035088],[55.8047472,-21.3034013],[55.8047475,-21.30338],[55.8047205,-21.3033413],[55.8047421,-21.3032887],[55.8047277,-21.3032431],[55.8047662,-21.3032137],[55.8047896,-21.3031748],[55.8047929,-21.3031576],[55.8047891,-21.303084],[55.8047933,-21.3029408],[55.8047658,-21.3028236],[55.8047284,-21.3027113],[55.8047139,-21.3026356],[55.8047135,-21.3025719],[55.8047185,-21.3025243],[55.8047301,-21.3024702],[55.8048791,-21.3023361],[55.8049519,-21.3022532],[55.8049645,-21.3022273],[55.8049586,-21.3022005],[55.8049756,-21.3021494],[55.8049584,-21.3021054],[55.8049334,-21.3020886],[55.8049153,-21.3020083],[55.8048543,-21.3020012],[55.8048062,-21.301981],[55.804772,-21.3019329],[55.804776,-21.301875],[55.8048121,-21.3018213],[55.8048275,-21.3017576],[55.8048591,-21.301711],[55.8049113,-21.3016908],[55.804933,-21.3016893],[55.8049508,-21.3015944],[55.8049461,-21.301549],[55.8049729,-21.3014436],[55.8050409,-21.3012753],[55.8050282,-21.3012039],[55.8049913,-21.3011416],[55.8049575,-21.3010624],[55.804923,-21.3010105],[55.8049163,-21.300943],[55.8049252,-21.300867],[55.8049379,-21.300815],[55.8049676,-21.3007474],[55.8049647,-21.3007279],[55.8049662,-21.3007082],[55.8049597,-21.3006628],[55.8050017,-21.300606],[55.8050269,-21.3005693],[55.8050325,-21.3005384],[55.8049356,-21.3005284],[55.8049219,-21.300434],[55.804911,-21.3004243],[55.8048979,-21.3003535],[55.8048861,-21.3002007],[55.8048981,-21.299912],[55.8049432,-21.299833],[55.8049677,-21.2997554],[55.8049709,-21.2997371],[55.8049969,-21.2995289],[55.805014,-21.2994658],[55.8049988,-21.2994135],[55.8049963,-21.2993525],[55.8050129,-21.2993032],[55.8050456,-21.2992635],[55.8050633,-21.2992155],[55.8050643,-21.2991702],[55.805076,-21.2991459],[55.8050937,-21.299132],[55.8050992,-21.2990978],[55.8051465,-21.2989978],[55.8051537,-21.2989541],[55.8052129,-21.2988573],[55.805223,-21.2988361],[55.8052311,-21.298823],[55.8052384,-21.2988037],[55.8052584,-21.2986217],[55.8052555,-21.2985738],[55.8052667,-21.298514],[55.8053159,-21.2984746],[55.8053709,-21.2984607],[55.8054455,-21.2984569],[55.8054365,-21.2984318],[55.8054305,-21.2983689],[55.8054724,-21.2982782],[55.8054017,-21.2980478],[55.8054232,-21.2979925],[55.8055616,-21.2979602],[55.8055537,-21.2979458],[55.8055344,-21.297915],[55.8054781,-21.2978671],[55.8054786,-21.2978255],[55.8054744,-21.2978109],[55.8056048,-21.2977503],[55.8056296,-21.2977038],[55.8056839,-21.2976919],[55.805701,-21.2976913],[55.8056574,-21.2976646],[55.805528,-21.2976352],[55.8053785,-21.2976232],[55.8053646,-21.2976174],[55.8053017,-21.2975291],[55.8053273,-21.2974787],[55.8054806,-21.297408],[55.8055233,-21.2974011],[55.8054996,-21.2973803],[55.8054343,-21.2973783],[55.8053967,-21.2973358],[55.8053163,-21.297318],[55.8052799,-21.2972739],[55.8052448,-21.2970829],[55.8053095,-21.2969716],[55.8053129,-21.296912],[55.8052983,-21.2968552],[55.8053039,-21.2968013],[55.8053347,-21.2966792],[55.8053258,-21.2966255],[55.8053269,-21.2965111],[55.8053145,-21.2964517],[55.8052725,-21.2963329],[55.8052586,-21.2962723],[55.8052295,-21.2961514],[55.8052508,-21.2960971],[55.8053094,-21.2960932],[55.8054023,-21.2960163],[55.805374,-21.2959631],[55.805356,-21.295964],[55.8052297,-21.2959823],[55.8052041,-21.2959302],[55.8051848,-21.2958194],[55.8052107,-21.295594],[55.8051952,-21.2954695],[55.8051992,-21.2954063],[55.8053061,-21.2953773],[55.8053796,-21.2953785],[55.8054369,-21.2953852],[55.8056344,-21.2953901],[55.8056702,-21.2954157],[55.8056655,-21.2953656],[55.8056499,-21.2952915],[55.8056405,-21.2952745],[55.8056198,-21.2952435],[55.8055958,-21.295232],[55.8055733,-21.295244],[55.8055585,-21.2952427],[55.8055489,-21.295233],[55.8055326,-21.2952443],[55.8055057,-21.2952485],[55.8054671,-21.2952718],[55.8054379,-21.2952835],[55.8053852,-21.2952806],[55.8053624,-21.2952754],[55.8053402,-21.2952834],[55.8053295,-21.2952761],[55.8053089,-21.2952811],[55.8052779,-21.2952849],[55.8052469,-21.2952846],[55.8052386,-21.2952917],[55.8052331,-21.2952839],[55.8052179,-21.2952824],[55.8052015,-21.2952811],[55.8051893,-21.295262],[55.8051801,-21.2952434],[55.8051701,-21.2952283],[55.8051671,-21.2952177],[55.8051686,-21.2952044],[55.8051507,-21.2952025],[55.8051421,-21.2952],[55.8051408,-21.2951932],[55.8051473,-21.2951768],[55.8051426,-21.2951694],[55.805153,-21.2951574],[55.8051465,-21.2951454],[55.8051488,-21.2951292],[55.8051567,-21.2951275],[55.8051564,-21.2951156],[55.8051399,-21.2949767],[55.8051275,-21.2949856],[55.8051151,-21.2949797],[55.8051148,-21.2949608],[55.805127,-21.2949387],[55.8051424,-21.2949352],[55.8051595,-21.2949359],[55.8051647,-21.2949263],[55.8051481,-21.2949091],[55.8051592,-21.2948929],[55.805158,-21.2948789],[55.8051408,-21.2948709],[55.8051333,-21.2948549],[55.805141,-21.294838],[55.8051537,-21.2948146],[55.8051685,-21.2948079],[55.8051699,-21.2947958],[55.8051599,-21.294779],[55.8051781,-21.2947492],[55.8051982,-21.2947509],[55.8052291,-21.2947469],[55.8052688,-21.2945117],[55.8052858,-21.2944768],[55.8052925,-21.2944413],[55.8053022,-21.2944],[55.8053114,-21.2943604],[55.8053201,-21.294301],[55.8053099,-21.2942413],[55.8053129,-21.2942292],[55.8053159,-21.2942187],[55.8053397,-21.2942008],[55.8053404,-21.2941128],[55.8053643,-21.293938],[55.8054101,-21.2936879],[55.8054442,-21.2936027],[55.8054476,-21.293493],[55.8054884,-21.2934141],[55.8054933,-21.2932734],[55.8055252,-21.2931326],[55.8055731,-21.293039],[55.8056027,-21.2929494],[55.8055944,-21.2929004],[55.8056275,-21.2928423],[55.8056613,-21.2928468],[55.8056982,-21.2928556],[55.8057269,-21.2928266],[55.8057508,-21.2928363],[55.8057715,-21.2928156],[55.8057861,-21.2928042],[55.8058191,-21.2927893],[55.8058521,-21.2927711],[55.8058015,-21.2927154],[55.8058013,-21.2927014],[55.8058079,-21.2926882],[55.8058205,-21.292693],[55.8058598,-21.2926685],[55.8059456,-21.2926899],[55.8059113,-21.292623],[55.8059468,-21.292604],[55.8059401,-21.2925866],[55.8059193,-21.2925788],[55.8059352,-21.2925477],[55.8059297,-21.2925211],[55.8059343,-21.2925079],[55.8059506,-21.2924949],[55.8059777,-21.2924876],[55.8060674,-21.2923748],[55.8061143,-21.2922008],[55.8063184,-21.292161],[55.8063493,-21.292166],[55.8063721,-21.2921638],[55.8063874,-21.2921474],[55.8063993,-21.2921394],[55.8063934,-21.2921327],[55.8063934,-21.2921267],[55.8064053,-21.2921269],[55.8064158,-21.2921305],[55.8064291,-21.2921226],[55.8064443,-21.292118],[55.8064738,-21.2921292],[55.8064856,-21.2921188],[55.8065003,-21.2921144],[55.8065345,-21.2921131],[55.8065382,-21.2921016],[55.8065271,-21.2920891],[55.8065163,-21.2920748],[55.8065233,-21.2920604],[55.8065264,-21.2920356],[55.8065412,-21.2920266],[55.8065784,-21.2920109],[55.8065725,-21.2919967],[55.8065768,-21.2919905],[55.8065861,-21.2919977],[55.8066083,-21.2920019],[55.8066043,-21.2919867],[55.8065781,-21.2919767],[55.8065612,-21.2919628],[55.8065517,-21.2919413],[55.8065436,-21.291927],[55.806555,-21.2919254],[55.8065609,-21.2919187],[55.8065614,-21.2919032],[55.8065521,-21.2918975],[55.8065378,-21.2918951],[55.8065507,-21.2918762],[55.8065616,-21.2918693],[55.8065739,-21.2918694],[55.806585,-21.2918606],[55.8067885,-21.2917929],[55.8068439,-21.2917261],[55.8068523,-21.2916121],[55.8067854,-21.2915553],[55.8067974,-21.2914854],[55.8068456,-21.2914732],[55.806991,-21.2914824],[55.8071081,-21.2914724],[55.8072874,-21.2913217],[55.807333,-21.2910311],[55.8074633,-21.2908604],[55.8077318,-21.2901036],[55.8077256,-21.2900443],[55.8077152,-21.2899437],[55.8078924,-21.2897888],[55.807837,-21.2894741],[55.8079568,-21.2892475],[55.8079959,-21.2890285],[55.8080918,-21.2889373],[55.8081527,-21.2885709],[55.808053,-21.2884522],[55.8080863,-21.2883026],[55.80833,-21.2881684],[55.8083078,-21.287962],[55.8083577,-21.287673],[55.8081474,-21.2873003],[55.806158,-21.2846141],[55.8062285,-21.2845145],[55.806157,-21.2842783],[55.805497,-21.2832266],[55.8052503,-21.2822252],[55.8048933,-21.2818096],[55.8047729,-21.280424],[55.8044052,-21.2796359],[55.8040915,-21.2795279],[55.8038946,-21.2789527],[55.8038705,-21.2789587],[55.8038431,-21.2789823],[55.8038237,-21.2789993],[55.803813,-21.2790107],[55.803802,-21.2790211],[55.8037888,-21.2790272],[55.8037778,-21.2790303],[55.8037703,-21.279029],[55.8037682,-21.279022],[55.8037625,-21.2790202],[55.8037533,-21.2790207],[55.8037499,-21.2790148],[55.8037557,-21.279005],[55.8037604,-21.2789955],[55.803753,-21.2789917],[55.803747,-21.2789797],[55.8037445,-21.2789645],[55.8037409,-21.2789556],[55.8037317,-21.2789578],[55.8037264,-21.2789472],[55.8037284,-21.278931],[55.8037177,-21.2788947],[55.8037112,-21.2788686],[55.803525,-21.2786278],[55.8035175,-21.2785932],[55.8035008,-21.2785545],[55.8034717,-21.2785005],[55.8034624,-21.2784624],[55.8034431,-21.2784312],[55.8034044,-21.2783542],[55.8034043,-21.278317],[55.8033873,-21.278311],[55.8033764,-21.278282],[55.803369,-21.2782372],[55.8033739,-21.2781924],[55.8034951,-21.2777725],[55.8034538,-21.2775578],[55.8034544,-21.2772409],[55.8033505,-21.2771754],[55.8033111,-21.2770788],[55.8031284,-21.2769808],[55.8031202,-21.2765949],[55.8031079,-21.2757818],[55.8031551,-21.2755928],[55.8031613,-21.2755206],[55.8031642,-21.2753682],[55.8031497,-21.2752434],[55.8031598,-21.2751655],[55.8031795,-21.2750994],[55.8031844,-21.2750753],[55.803217,-21.275014],[55.8032232,-21.2749604],[55.8033323,-21.2747885],[55.8033545,-21.2746602],[55.8033709,-21.274601],[55.8033871,-21.2744763],[55.8033781,-21.2743861],[55.8033628,-21.2743757],[55.803374,-21.2743151],[55.8033665,-21.2742219],[55.8033509,-21.2741346],[55.8033432,-21.2739947],[55.803354,-21.2739407],[55.803404,-21.273841],[55.8034092,-21.2738082],[55.8034323,-21.2737777],[55.8034487,-21.2737376],[55.8034588,-21.2736855],[55.8034784,-21.2736358],[55.8034965,-21.2735572],[55.8035157,-21.2734528],[55.8035437,-21.2734055],[55.8035753,-21.2732358],[55.8035739,-21.2732124],[55.8035846,-21.2731743],[55.8035998,-21.2731561],[55.8036235,-21.2731241],[55.8036521,-21.2730855],[55.8037067,-21.2729817],[55.8037598,-21.2729188],[55.8038529,-21.2727822],[55.8039488,-21.272705],[55.8039766,-21.2726666],[55.8040168,-21.2726455],[55.8040127,-21.2726073],[55.8040475,-21.2726006],[55.8040588,-21.272591],[55.8040539,-21.2725447],[55.8040715,-21.2725414],[55.8040891,-21.272532],[55.8040794,-21.2724892],[55.8040471,-21.2724677],[55.8039958,-21.2724108],[55.8039998,-21.2722939],[55.8040055,-21.2722662],[55.8040148,-21.2722386],[55.8041184,-21.2720433],[55.8040917,-21.271851],[55.8041215,-21.2716992],[55.8040828,-21.2714894],[55.8040592,-21.2714582],[55.8040234,-21.2713521],[55.8039782,-21.2712819],[55.8039772,-21.2712321],[55.8040011,-21.271189],[55.80397,-21.2711359],[55.8039631,-21.2710433],[55.8039151,-21.2709949],[55.8039068,-21.2709564],[55.803894,-21.2709358],[55.8038792,-21.2709121],[55.8038657,-21.2708296],[55.803903,-21.2707495],[55.8039006,-21.2707196],[55.8038815,-21.2706443],[55.8038667,-21.2705957],[55.8038792,-21.2705425],[55.8038814,-21.2704998],[55.8038457,-21.2704803],[55.8038173,-21.2704437],[55.8037778,-21.2702267],[55.8037839,-21.2701956],[55.8037905,-21.2700655],[55.8037881,-21.2700447],[55.8037562,-21.2700207],[55.80374,-21.269989],[55.8037264,-21.2699322],[55.8037264,-21.2698675],[55.8037513,-21.2697515],[55.8036832,-21.269395],[55.8036549,-21.2693436],[55.8036458,-21.2692893],[55.8036477,-21.2692427],[55.8035876,-21.2691848],[55.8035522,-21.2690832],[55.8035183,-21.2690248],[55.8034939,-21.2689263],[55.8034522,-21.2688768],[55.8033877,-21.2687593],[55.8032723,-21.2684935],[55.8032677,-21.2683633],[55.8032883,-21.268234],[55.803286,-21.2681829],[55.8032569,-21.2680301],[55.8032539,-21.2680123],[55.8032462,-21.2679717],[55.8033216,-21.267479],[55.8034135,-21.2673409],[55.8034178,-21.2673256],[55.803409,-21.2671413],[55.8034176,-21.2670945],[55.8034212,-21.2670073],[55.8034559,-21.2669344],[55.8034569,-21.2668694],[55.8033906,-21.2667616],[55.8033777,-21.2664923],[55.8033562,-21.2663757],[55.803326,-21.266224],[55.8033237,-21.2661546],[55.8033318,-21.2660638],[55.8033061,-21.2659734],[55.8033135,-21.265961],[55.8033435,-21.2658567],[55.8033271,-21.2658047],[55.803223,-21.2655656],[55.8032021,-21.2655452],[55.8031833,-21.2655074],[55.8031924,-21.2654944],[55.8031688,-21.2654387],[55.8031258,-21.265353],[55.8030904,-21.2652861],[55.8030191,-21.2651115],[55.8030148,-21.2650878],[55.8026031,-21.264143],[55.8025638,-21.2641248],[55.8025028,-21.2640972],[55.8024393,-21.2640348],[55.802388,-21.2639576],[55.8023712,-21.2639097],[55.8023822,-21.2638739],[55.8023759,-21.2638037],[55.8023401,-21.2637265],[55.8023046,-21.2636002],[55.8022676,-21.2635304],[55.8022243,-21.2633676],[55.8021939,-21.2632768],[55.8021365,-21.2631454],[55.8020549,-21.2628978],[55.8020186,-21.2628298],[55.8019901,-21.2627633],[55.8019025,-21.2625904],[55.8018945,-21.2625758],[55.8018844,-21.2625301],[55.8019045,-21.2625073],[55.8018961,-21.2624826],[55.8018746,-21.2624712],[55.8017638,-21.2622172],[55.8017522,-21.2622062],[55.8017477,-21.2621611],[55.8017193,-21.2620087],[55.8017256,-21.2619862],[55.8018465,-21.2616107],[55.8018495,-21.261587],[55.8017674,-21.2613949],[55.8017717,-21.26132],[55.8017755,-21.2613019],[55.8017596,-21.2612428],[55.8017596,-21.2611939],[55.8017489,-21.2611323],[55.8017031,-21.2610327],[55.8015615,-21.2605103],[55.8015525,-21.2604608],[55.8015589,-21.2603992],[55.8015508,-21.2603463],[55.8015595,-21.2602475],[55.8015513,-21.2601911],[55.8015634,-21.2601232],[55.8015634,-21.2601047],[55.8015673,-21.260078],[55.8015672,-21.2600229],[55.8015811,-21.2599557],[55.8015999,-21.2597932],[55.8016416,-21.2596317],[55.8017067,-21.2593208],[55.8017603,-21.2591444],[55.8017505,-21.2591113],[55.8017754,-21.2589928],[55.8017678,-21.2589663],[55.8017804,-21.2588812],[55.8018182,-21.2587882],[55.8018465,-21.2586536],[55.8018589,-21.2586144],[55.8018731,-21.2585454],[55.8018729,-21.2585271],[55.8019413,-21.2582004],[55.8019937,-21.258072],[55.8019917,-21.2579993],[55.8019985,-21.2579516],[55.8020205,-21.2578846],[55.8020115,-21.2578642],[55.8020319,-21.257754],[55.8020253,-21.2577218],[55.8020417,-21.257688],[55.8021784,-21.2575718],[55.8022772,-21.2574557],[55.8022911,-21.2574335],[55.8022927,-21.2574007],[55.8022834,-21.2573611],[55.8022757,-21.2573159],[55.8022877,-21.2572765],[55.8023208,-21.2572398],[55.8023584,-21.2571893],[55.8023967,-21.2570631],[55.8024183,-21.2569877],[55.802451,-21.2568992],[55.802445,-21.2568445],[55.8024348,-21.2565758],[55.8025993,-21.2564993],[55.8027181,-21.2565002],[55.8032308,-21.2566549],[55.8033127,-21.2566409],[55.8033361,-21.2562996],[55.8034115,-21.2562899],[55.8035128,-21.2563148],[55.8035473,-21.2563171],[55.8035233,-21.2562941],[55.8034598,-21.2562487],[55.8034299,-21.2561804],[55.80343,-21.2560383],[55.8033597,-21.2559068],[55.803089,-21.2558181],[55.803057,-21.2557561],[55.8030646,-21.2556083],[55.8029762,-21.2553633],[55.8029861,-21.2551965],[55.8031641,-21.2549566],[55.8031869,-21.2548418],[55.8033399,-21.2544637],[55.8033962,-21.2543201],[55.8034328,-21.25426],[55.8034696,-21.2542139],[55.8035231,-21.2541133],[55.8035563,-21.2540657],[55.8035643,-21.2540507],[55.8036148,-21.2539784],[55.8036664,-21.2539246],[55.803722,-21.2538507],[55.8039154,-21.2535692],[55.8039225,-21.253557],[55.8039758,-21.2534991],[55.804015,-21.2534656],[55.8040342,-21.2534463],[55.8040689,-21.2532766],[55.804091,-21.2532136],[55.8040931,-21.2531563],[55.8041356,-21.2530829],[55.8042285,-21.252819],[55.8042607,-21.2527513],[55.8042818,-21.2526876],[55.8042853,-21.2526572],[55.8043284,-21.2525343],[55.8043171,-21.2524577],[55.8043273,-21.2524162],[55.8043028,-21.2523598],[55.8043287,-21.2522232],[55.8043635,-21.2521841],[55.8044139,-21.2521574],[55.8044617,-21.2521534],[55.8044694,-21.2521163],[55.8044694,-21.2521],[55.8044637,-21.2520639],[55.8045159,-21.2520103],[55.804518,-21.2519937],[55.8044335,-21.2518146],[55.8044799,-21.2517257],[55.8046776,-21.2515997],[55.804638,-21.2514892],[55.8046385,-21.2513943],[55.8046681,-21.2512942],[55.8046298,-21.2512466],[55.8047019,-21.2511854],[55.8046426,-21.2511267],[55.8046896,-21.251023],[55.8046686,-21.2509645],[55.8046857,-21.2508153],[55.8047867,-21.2507292],[55.8047848,-21.2506921],[55.8047368,-21.2506444],[55.8047381,-21.2506182],[55.8048051,-21.2505794],[55.8048047,-21.2505413],[55.8046475,-21.2504941],[55.804632,-21.2504578],[55.8046631,-21.2504211],[55.8047184,-21.2503538],[55.804719,-21.2503019],[55.8046966,-21.2502405],[55.8047263,-21.2501809],[55.8047456,-21.2500127],[55.8047463,-21.2499257],[55.8047939,-21.24983],[55.8048009,-21.2497743],[55.8048434,-21.2497321],[55.8048046,-21.2496298],[55.8047914,-21.2495756],[55.8048313,-21.2495217],[55.8048562,-21.2494591],[55.8048868,-21.2494322],[55.8048871,-21.2494023],[55.8048512,-21.2493208],[55.804904,-21.2492597],[55.8049228,-21.2491131],[55.8048974,-21.2490673],[55.8049053,-21.2490246],[55.8049423,-21.2489678],[55.8049405,-21.2489358],[55.8048953,-21.2488884],[55.8048188,-21.2484039],[55.8048071,-21.2478205],[55.8048166,-21.2475449],[55.8048859,-21.2474949],[55.8048456,-21.2474241],[55.8048362,-21.2473155],[55.804919,-21.247019],[55.8048696,-21.2469032],[55.8048464,-21.2468314],[55.804872,-21.2467635],[55.8048819,-21.2466863],[55.8049883,-21.2466176],[55.8049951,-21.2465496],[55.8049619,-21.2464731],[55.8049045,-21.2464504],[55.8048791,-21.2463434],[55.804923,-21.2462586],[55.8050589,-21.2461476],[55.8051372,-21.2461083],[55.8050731,-21.2460522],[55.8050142,-21.2459481],[55.8049858,-21.2457707],[55.804986,-21.2456105],[55.8049968,-21.2455019],[55.8050217,-21.2453822],[55.8050439,-21.2452713],[55.805112,-21.2451579],[55.8051146,-21.2450514],[55.8051266,-21.2447047],[55.8052099,-21.2446232],[55.805237,-21.2443769],[55.8054204,-21.2440007],[55.8054182,-21.2438464],[55.8053488,-21.243665],[55.8053544,-21.2434475],[55.8054048,-21.2433135],[55.80537,-21.2432402],[55.8053953,-21.243174],[55.8054916,-21.2430761],[55.8055271,-21.242998],[55.805577,-21.2429428],[55.8055806,-21.2429104],[55.8055474,-21.2428817],[55.8055268,-21.2428006],[55.8056144,-21.2427116],[55.8056399,-21.2425925],[55.8056737,-21.2424331],[55.8056729,-21.2423873],[55.8057213,-21.242315],[55.8057318,-21.2422355],[55.8059074,-21.2420351],[55.8059166,-21.2419882],[55.805866,-21.2420008],[55.805853,-21.241956],[55.8058922,-21.2419082],[55.805956,-21.2418458],[55.8060321,-21.2418124],[55.8060522,-21.2417685],[55.8061188,-21.2417532],[55.8061402,-21.2417342],[55.8061396,-21.2416878],[55.8062057,-21.2416252],[55.80628,-21.241634],[55.8064798,-21.2414379],[55.8065844,-21.2413903],[55.8066423,-21.2412118],[55.8066426,-21.2411833],[55.8066152,-21.241169],[55.8066164,-21.2411374],[55.806644,-21.2411127],[55.8068298,-21.2409384],[55.8071179,-21.2406958],[55.8071506,-21.2406088],[55.8071863,-21.2402967],[55.8071707,-21.2402568],[55.8071425,-21.2402425],[55.8071287,-21.2401967],[55.8071438,-21.2400723],[55.807198,-21.2399416],[55.8072544,-21.2398819],[55.8072748,-21.2397675],[55.8073593,-21.2393286],[55.8073393,-21.2386913],[55.8073059,-21.2384032],[55.8073239,-21.2378756],[55.8072563,-21.2378194],[55.8072647,-21.2377068],[55.8073449,-21.2373857],[55.8073957,-21.2372836],[55.8074361,-21.2372365],[55.8074937,-21.237237],[55.8075082,-21.2372119],[55.8075047,-21.2371731],[55.8075268,-21.2371551],[55.807549,-21.2371213],[55.8075378,-21.2371094],[55.8075052,-21.2371035],[55.8074915,-21.2370743],[55.8074656,-21.2370542],[55.8074575,-21.237045],[55.8074678,-21.2370136],[55.8074981,-21.2369889],[55.8075536,-21.2369811],[55.8075965,-21.2369472],[55.8076013,-21.2369111],[55.8075787,-21.2368877],[55.8075352,-21.2368599],[55.8074975,-21.2368165],[55.807503,-21.2367933],[55.8075352,-21.2367595],[55.807616,-21.2367244],[55.8077031,-21.2366802],[55.8078283,-21.2366516],[55.8079907,-21.2364726],[55.8080407,-21.2364485],[55.8081031,-21.2364061],[55.8081198,-21.2363851],[55.8081608,-21.2363225],[55.8082029,-21.2362677],[55.8082961,-21.2361799],[55.808394,-21.2360592],[55.8084474,-21.2359535],[55.8084458,-21.2359248],[55.8084329,-21.2358878],[55.8084134,-21.2358629],[55.8083883,-21.2358399],[55.8083741,-21.2358104],[55.8083796,-21.2357755],[55.8084106,-21.2357679],[55.8084757,-21.2358032],[55.808519,-21.2357936],[55.8085285,-21.235759],[55.8085652,-21.2357078],[55.8085752,-21.2356669],[55.8085711,-21.2356331],[55.808604,-21.2356394],[55.8086235,-21.2356684],[55.8086381,-21.2356519],[55.8086311,-21.2355982],[55.8086713,-21.235532],[55.8086484,-21.2354861],[55.8085212,-21.2354012],[55.8084826,-21.2353856],[55.8083471,-21.2353995],[55.8084806,-21.2353076],[55.808556,-21.2352495],[55.8085581,-21.2352262],[55.8084305,-21.235061],[55.8084467,-21.2350075],[55.8084493,-21.2349838],[55.8083543,-21.2349678],[55.8083307,-21.2349395],[55.8083426,-21.2348668],[55.8083641,-21.2348376],[55.8084268,-21.2348263],[55.8085185,-21.2347882],[55.8085231,-21.2347712],[55.8085146,-21.2347465],[55.8085385,-21.2347331],[55.8084663,-21.2346763],[55.8084991,-21.2346472],[55.8085816,-21.2346618],[55.8086087,-21.2346254],[55.80858,-21.2346019],[55.8085715,-21.2345637],[55.8084602,-21.2345264],[55.8083615,-21.2344751],[55.8083083,-21.2343961],[55.8082668,-21.2343675],[55.8082239,-21.2343525],[55.8081309,-21.2343014],[55.8081305,-21.2342865],[55.8082186,-21.2342482],[55.8082341,-21.234221],[55.8082461,-21.2342012],[55.8082552,-21.2341714],[55.8081767,-21.2341126],[55.8081435,-21.2340593],[55.8081331,-21.2339847],[55.8079816,-21.2339109],[55.8080082,-21.2338677],[55.8080086,-21.23383],[55.8079713,-21.2337918],[55.8079285,-21.2337262],[55.8079579,-21.2334963],[55.8079065,-21.2333504],[55.8079307,-21.2333001],[55.8079774,-21.2332476],[55.8079796,-21.2331861],[55.8078694,-21.233021],[55.8079301,-21.23296],[55.8079963,-21.2328709],[55.8079138,-21.2327889],[55.8078985,-21.2327545],[55.8079108,-21.2327192],[55.8079812,-21.2326555],[55.8078963,-21.2325904],[55.8078659,-21.2324126],[55.8078063,-21.2323308],[55.8078056,-21.2322046],[55.8078449,-21.2321568],[55.8079547,-21.2319012],[55.8079752,-21.2318087],[55.8079655,-21.231721],[55.8079113,-21.2316103],[55.8079082,-21.2315355],[55.80793,-21.2314648],[55.8079839,-21.2313979],[55.808024,-21.2312223],[55.8080595,-21.2307677],[55.8080974,-21.2306054],[55.8080476,-21.2304784],[55.8080691,-21.2303986],[55.8080326,-21.2303621],[55.8080509,-21.2302859],[55.8080881,-21.230211],[55.8081312,-21.2301479],[55.8082092,-21.2301145],[55.8082113,-21.2300497],[55.8082794,-21.2300051],[55.8082785,-21.2299751],[55.8082573,-21.2299389],[55.8081857,-21.2298493],[55.8081772,-21.2298344],[55.8081775,-21.229681],[55.8081808,-21.2296082],[55.8082048,-21.2294901],[55.8082216,-21.2294458],[55.8082393,-21.2293745],[55.8082556,-21.2292885],[55.8082559,-21.2292364],[55.8083202,-21.2289172],[55.8083382,-21.228851],[55.8083405,-21.2288163],[55.8083797,-21.2286213],[55.8084076,-21.2285519],[55.8084156,-21.2284973],[55.8084707,-21.2283572],[55.8084769,-21.2282917],[55.8084583,-21.2282303],[55.8084749,-21.2281444],[55.8084872,-21.2280958],[55.8085162,-21.2280564],[55.8085315,-21.2280273],[55.8085393,-21.2279712],[55.8085353,-21.2279017],[55.8085635,-21.2278436],[55.8085658,-21.227697],[55.8085949,-21.2275529],[55.8086084,-21.2275417],[55.8086088,-21.2275127],[55.8086203,-21.2275032],[55.8086219,-21.2274673],[55.8086147,-21.2274547],[55.8086347,-21.2273551],[55.8086279,-21.227343],[55.8086426,-21.2272087],[55.8086683,-21.2271451],[55.8087046,-21.2270836],[55.8087461,-21.2270317],[55.8087972,-21.2269834],[55.8088134,-21.2269511],[55.8088259,-21.2269162],[55.8088227,-21.2268772],[55.8088515,-21.2268319],[55.8089164,-21.2267836],[55.8090168,-21.2267024],[55.80906,-21.2266632],[55.8091114,-21.2266111],[55.8092809,-21.2264211],[55.8093178,-21.2263606],[55.8093524,-21.2262898],[55.8094401,-21.2260698],[55.8094509,-21.2260328],[55.8094939,-21.2259632],[55.8095026,-21.2259339],[55.8095584,-21.2257865],[55.8096452,-21.2256793],[55.8096789,-21.2256353],[55.8097179,-21.2255599],[55.8098721,-21.225365],[55.8100613,-21.2251041],[55.8101171,-21.2250441],[55.8100884,-21.2250042],[55.8101281,-21.2249397],[55.8101139,-21.2248739],[55.810309,-21.2247326],[55.810469,-21.224615],[55.8104772,-21.2245942],[55.8105598,-21.2244531],[55.8105848,-21.2243831],[55.810581,-21.2243165],[55.8105945,-21.2242433],[55.8106309,-21.2241291],[55.8106757,-21.2240547],[55.8106827,-21.2239752],[55.8107165,-21.2238412],[55.8107549,-21.2237841],[55.8107826,-21.2237722],[55.8108639,-21.2237285],[55.8108937,-21.2237094],[55.8109043,-21.2236964],[55.8109103,-21.2236784],[55.8109539,-21.2236081],[55.8109594,-21.2235913],[55.8109962,-21.2235363],[55.8110676,-21.2234568],[55.8110802,-21.2234288],[55.8110884,-21.2233623],[55.8111248,-21.2233002],[55.8111451,-21.2232358],[55.8110872,-21.2231963],[55.8111112,-21.2231005],[55.8110993,-21.2230713],[55.8111153,-21.2230611],[55.8111496,-21.2230291],[55.8111624,-21.2230175],[55.8111763,-21.2230045],[55.8111909,-21.2229662],[55.8112437,-21.2229186],[55.8113025,-21.2228806],[55.8113164,-21.2228681],[55.8113237,-21.2228306],[55.8112916,-21.2227712],[55.8113886,-21.2226845],[55.811501,-21.2225214],[55.8116809,-21.2223773],[55.8119048,-21.2222029],[55.8126074,-21.2217802],[55.8127111,-21.2214039],[55.812666,-21.2212454],[55.8127372,-21.2211869],[55.812821,-21.2209809],[55.8128944,-21.2208401],[55.8131373,-21.2207381],[55.8133111,-21.2205893],[55.8131515,-21.2204542],[55.8130702,-21.2201814],[55.8131197,-21.2194259],[55.8131856,-21.219252],[55.8131836,-21.2191979],[55.8132095,-21.2191085],[55.8132555,-21.2190609],[55.8132644,-21.2190469],[55.8133355,-21.2189063],[55.8133559,-21.2188412],[55.813366,-21.2187803],[55.8134063,-21.2187223],[55.8134064,-21.2186456],[55.8133976,-21.2185828],[55.8134168,-21.2185218],[55.8134444,-21.2184615],[55.8134739,-21.2184586],[55.8134712,-21.2184346],[55.8134999,-21.2183066],[55.8135082,-21.2181687],[55.8135027,-21.2181085],[55.8135285,-21.2179353],[55.81352,-21.2179015],[55.8135289,-21.2176325],[55.8135219,-21.2175694],[55.8135235,-21.217506],[55.813507,-21.2174426],[55.8135034,-21.2173793],[55.8135209,-21.2173144],[55.8135986,-21.2171908],[55.8136304,-21.2171281],[55.8137894,-21.2170825],[55.8141363,-21.2169499],[55.814225,-21.2168538],[55.8142767,-21.2167433],[55.8142964,-21.2165544],[55.8142346,-21.2162905],[55.8141172,-21.2161239],[55.8140989,-21.2160503],[55.8141553,-21.2159768],[55.8140899,-21.215863],[55.8138795,-21.2158068],[55.8137625,-21.2156768],[55.8137577,-21.2156152],[55.8138196,-21.2155469],[55.8139465,-21.2154394],[55.8139967,-21.2154109],[55.8140059,-21.2153326],[55.8140438,-21.215285],[55.8140021,-21.2151785],[55.8139491,-21.2150885],[55.8139508,-21.2150722],[55.8138501,-21.2148723],[55.8138384,-21.2148565],[55.8138616,-21.2147924],[55.813893,-21.2147482],[55.8139827,-21.2145555],[55.8139899,-21.2145232],[55.8140282,-21.2144447],[55.8140468,-21.2144174],[55.8140601,-21.214389],[55.8140719,-21.2143658],[55.814081,-21.214344],[55.814146,-21.214204],[55.8141612,-21.214105],[55.8141939,-21.2140258],[55.8142177,-21.2139838],[55.8142433,-21.2139411],[55.8143167,-21.2138089],[55.8143618,-21.2137296],[55.814418,-21.2136866],[55.8145035,-21.2135975],[55.8145636,-21.2135351],[55.8146678,-21.213473],[55.8146739,-21.2134586],[55.8146964,-21.21344],[55.814715,-21.2133959],[55.8148259,-21.2133044],[55.8148427,-21.2132793],[55.8148797,-21.2132209],[55.8149884,-21.2131102],[55.815003,-21.2130483],[55.8150436,-21.2129864],[55.815084,-21.2129246],[55.8151941,-21.212816],[55.8152491,-21.2127417],[55.8153281,-21.2126545],[55.8153791,-21.2126047],[55.8155945,-21.2124261],[55.8156595,-21.2123457],[55.8156773,-21.2123189],[55.8156964,-21.2122326],[55.8157374,-21.2121781],[55.8156734,-21.2120403],[55.8157306,-21.211998],[55.8157909,-21.2120283],[55.8158653,-21.2120131],[55.815946,-21.2119602],[55.8159986,-21.2119027],[55.8160069,-21.2118834],[55.8160378,-21.211843],[55.8160493,-21.2118247],[55.8160251,-21.2117575],[55.8159564,-21.2117447],[55.8159605,-21.2116817],[55.8160482,-21.211529],[55.8160849,-21.2114395],[55.8161427,-21.2113509],[55.816221,-21.2112851],[55.816326,-21.2111647],[55.8164108,-21.2111415],[55.816465,-21.2111011],[55.8164908,-21.211068],[55.8164955,-21.2110535],[55.8165166,-21.2110354],[55.8165268,-21.2110223],[55.8165565,-21.2109258],[55.8165708,-21.2108453],[55.8165652,-21.2107786],[55.8166185,-21.2106857],[55.8167629,-21.210534],[55.8168629,-21.2104515],[55.8169651,-21.2103987],[55.8170408,-21.2103677],[55.8171476,-21.2103124],[55.8172731,-21.2102639],[55.8173735,-21.2102382],[55.8175708,-21.2102109],[55.8176269,-21.2101924],[55.817635,-21.2101228],[55.8175474,-21.2100041],[55.8175049,-21.2099291],[55.8175459,-21.2098663],[55.8175248,-21.2098012],[55.8175367,-21.2097314],[55.8175586,-21.2096659],[55.8176167,-21.20963],[55.8176592,-21.2095772],[55.8176987,-21.2094811],[55.817739,-21.209415],[55.8178098,-21.2093875],[55.817894,-21.2093433],[55.8180671,-21.2092281],[55.8181235,-21.2091716],[55.8182004,-21.2091412],[55.8183098,-21.2091165],[55.8183733,-21.2090851],[55.8184565,-21.2090203],[55.8185366,-21.2089678],[55.8186892,-21.2088907],[55.8186939,-21.2088768],[55.8186672,-21.2088144],[55.8186668,-21.20874],[55.818708,-21.2086967],[55.8187078,-21.2086774],[55.8187572,-21.2086255],[55.8189093,-21.2085457],[55.8189868,-21.2084932],[55.8190839,-21.2084555],[55.8191661,-21.2084368],[55.8192716,-21.2084549],[55.8193895,-21.2084454],[55.8195034,-21.2084231],[55.8197498,-21.2083964],[55.8198156,-21.2083782],[55.819899,-21.2083397],[55.8200528,-21.2082963],[55.8201979,-21.2082639],[55.820449,-21.2081455],[55.8205374,-21.2080929],[55.8205916,-21.208051],[55.8206168,-21.2080031],[55.8206814,-21.2079772],[55.8207499,-21.2079992],[55.8207707,-21.2080644],[55.820777,-21.208098],[55.8207583,-21.2081264],[55.8207392,-21.2082349],[55.820777,-21.208289],[55.8208475,-21.2082928],[55.8209118,-21.208273],[55.8209765,-21.2082469],[55.8209879,-21.2082648],[55.8210057,-21.208211],[55.8210285,-21.2082111],[55.8210718,-21.2080763],[55.8210876,-21.2080065],[55.8211151,-21.2079445],[55.8211784,-21.2079184],[55.8212761,-21.2079521],[55.821242,-21.2078703],[55.8212819,-21.207805],[55.821275,-21.2077873],[55.8212561,-21.2077226],[55.8212157,-21.2076775],[55.8212063,-21.207606],[55.8213078,-21.2075477],[55.8213793,-21.2075212],[55.8214473,-21.207532],[55.8214562,-21.2075209],[55.8214924,-21.2074617],[55.8215018,-21.207409],[55.8215523,-21.2073562],[55.8216178,-21.2073203],[55.8216947,-21.2073049],[55.8217673,-21.2073388],[55.821809,-21.2073896],[55.8218526,-21.2076019],[55.8218929,-21.207669],[55.8219621,-21.2077],[55.8220325,-21.2076823],[55.8220292,-21.2076179],[55.8220034,-21.2075314],[55.82207,-21.2075545],[55.8220256,-21.2074056],[55.8219588,-21.2072573],[55.8219172,-21.2071974],[55.8219196,-21.2071305],[55.8219804,-21.2071024],[55.822049,-21.2071261],[55.8220971,-21.2071736],[55.822114,-21.207236],[55.822141,-21.2073035],[55.8221887,-21.2073546],[55.8222459,-21.207351],[55.8222566,-21.2073424],[55.8222726,-21.2073118],[55.8222439,-21.2072458],[55.822205,-21.2071848],[55.822196,-21.2071742],[55.8221919,-21.2071223],[55.8221835,-21.2070942],[55.8221734,-21.2070689],[55.8222085,-21.2070131],[55.8222802,-21.2069952],[55.8223401,-21.2070281],[55.8223777,-21.2071085],[55.8224495,-21.2071727],[55.8225431,-21.2071814],[55.8226119,-21.2071932],[55.8226828,-21.2072277],[55.8227559,-21.207248],[55.8227895,-21.2072376],[55.8227899,-21.2072244],[55.8227338,-21.2071868],[55.8226669,-21.20717],[55.822659,-21.2071393],[55.8226654,-21.207121],[55.8226665,-21.2070961],[55.8226828,-21.2070713],[55.8227025,-21.2070148],[55.822675,-21.2069524],[55.8225972,-21.2068803],[55.8225167,-21.206705],[55.8225852,-21.2065896],[55.8226986,-21.2064005],[55.8228243,-21.2063329],[55.8228849,-21.2062881],[55.8228898,-21.2062744],[55.8229104,-21.2062543],[55.8229246,-21.2062355],[55.8229428,-21.2061665],[55.8229269,-21.2061019],[55.8228476,-21.2059884],[55.8228336,-21.2059226],[55.8229922,-21.2057952],[55.82303,-21.2057372],[55.8230815,-21.205687],[55.8231472,-21.2057007],[55.823197,-21.2056542],[55.8232626,-21.2056197],[55.8233142,-21.2056651],[55.8233451,-21.2057275],[55.8233612,-21.2057914],[55.8234053,-21.2058462],[55.823473,-21.205858],[55.8235149,-21.2059093],[55.8235753,-21.2059455],[55.8236376,-21.2059126],[55.8236539,-21.2059001],[55.8236567,-21.2058625],[55.8236062,-21.2058125],[55.8235828,-21.2057966],[55.8236976,-21.2058002],[55.8236474,-21.2057499],[55.8235855,-21.2057079],[55.8235388,-21.2056578],[55.8233677,-21.2055234],[55.8232199,-21.2053879],[55.8232398,-21.2053261],[55.8232611,-21.2051969],[55.8234522,-21.2050733],[55.8235887,-21.2049571],[55.8236789,-21.2048487],[55.8237146,-21.2047846],[55.8237259,-21.2047152],[55.8237716,-21.2046676],[55.8238375,-21.2046523],[55.8239088,-21.2046717],[55.824038,-21.204745],[55.8241093,-21.2047612],[55.8241675,-21.2047351],[55.8241169,-21.204698],[55.8240954,-21.2046346],[55.8241438,-21.2045934],[55.8241367,-21.204572],[55.8241948,-21.2045223],[55.8241896,-21.2044793],[55.8241748,-21.2044658],[55.824231,-21.2044185],[55.8241777,-21.2043688],[55.8241212,-21.2043311],[55.8241234,-21.204267],[55.8241382,-21.2042009],[55.8241575,-21.2040511],[55.8241637,-21.2039876],[55.824193,-21.2039251],[55.8242096,-21.2038589],[55.8244444,-21.2036419],[55.8245058,-21.2035986],[55.8245354,-21.2035722],[55.8245429,-21.2035566],[55.8245417,-21.2034876],[55.8245832,-21.2034517],[55.8245827,-21.2034249],[55.8246338,-21.2033808],[55.8246868,-21.2033623],[55.8246799,-21.203297],[55.824693,-21.2032268],[55.8247307,-21.2031728],[55.8247651,-21.2031119],[55.8247872,-21.2030845],[55.8247995,-21.2030625],[55.8248358,-21.20293],[55.824842,-21.2028621],[55.8248673,-21.2027783],[55.8248435,-21.2027465],[55.8248237,-21.2026816],[55.8248629,-21.2026279],[55.8249322,-21.2026062],[55.8249328,-21.2025837],[55.824962,-21.2024968],[55.8249312,-21.2024531],[55.824927,-21.2023902],[55.8249904,-21.2023596],[55.8250212,-21.2023217],[55.8250387,-21.2022692],[55.8250431,-21.2022431],[55.8250173,-21.202181],[55.8249724,-21.2021272],[55.8249746,-21.202061],[55.8250112,-21.2018569],[55.8250191,-21.2017235],[55.8250398,-21.2016565],[55.8251007,-21.2015311],[55.8251396,-21.2014784],[55.8251941,-21.2013628],[55.8252464,-21.201264],[55.8252503,-21.2012441],[55.8252999,-21.2011381],[55.8253252,-21.2010761],[55.8252637,-21.2009481],[55.8252241,-21.2008872],[55.8251698,-21.2007654],[55.8251338,-21.2007057],[55.8251218,-21.2006389],[55.8251555,-21.2005839],[55.8252083,-21.2005386],[55.8254646,-21.2004319],[55.8255267,-21.2003964],[55.825583,-21.2003566],[55.8255816,-21.2003249],[55.8256226,-21.2002994],[55.8256237,-21.200285],[55.8255821,-21.200177],[55.8254757,-21.2000865],[55.8253493,-21.2000214],[55.8252906,-21.1999801],[55.825345,-21.1999419],[55.825414,-21.1999363],[55.8254598,-21.1998835],[55.8254413,-21.199816],[55.825243,-21.1996336],[55.825191,-21.1995958],[55.8251408,-21.1995521],[55.8250962,-21.1995025],[55.8250719,-21.1994334],[55.8250597,-21.1992053],[55.8250412,-21.1991404],[55.8250346,-21.1990751],[55.8250823,-21.1989372],[55.8250695,-21.1988028],[55.8250939,-21.1987365],[55.8250833,-21.1986718],[55.8250689,-21.1986441],[55.8250233,-21.1985447],[55.8250738,-21.1985029],[55.8251101,-21.1984866],[55.8251997,-21.1984485],[55.8252766,-21.1984492],[55.825355,-21.1984597],[55.8253509,-21.1984214],[55.825303,-21.1983668],[55.8252971,-21.198325],[55.825336,-21.1982361],[55.8253274,-21.1981892],[55.8253343,-21.1981662],[55.8253756,-21.1980827],[55.82541,-21.1980336],[55.8254167,-21.1980201],[55.8254549,-21.1979656],[55.8254453,-21.1979008],[55.8253867,-21.1978566],[55.8253126,-21.197863],[55.8252509,-21.197855],[55.8252298,-21.1977638],[55.8252555,-21.1977255],[55.8252979,-21.1976519],[55.8252923,-21.1975843],[55.8253167,-21.1975128],[55.8252746,-21.1974903],[55.8252331,-21.1974371],[55.8252342,-21.197368],[55.8252713,-21.1973089],[55.8253411,-21.1972885],[55.8253925,-21.1972989],[55.8254096,-21.1972443],[55.8249791,-21.1972103],[55.8249624,-21.1972139],[55.8248884,-21.197204],[55.8248454,-21.1971485],[55.8248484,-21.1970671],[55.8248527,-21.1970349],[55.8248419,-21.1969836],[55.824847,-21.1969706],[55.8248421,-21.1969223],[55.8248398,-21.1968997],[55.8248172,-21.1968665],[55.8248077,-21.1968217],[55.8248159,-21.1967822],[55.8247883,-21.1967301],[55.8247547,-21.1965711],[55.8247498,-21.1965208],[55.8247407,-21.1965057],[55.8246919,-21.1962743],[55.8246839,-21.1962548],[55.8247182,-21.1961255],[55.8247398,-21.1960291],[55.8247551,-21.1959935],[55.824717,-21.1960098],[55.8247283,-21.1959471],[55.8247522,-21.1958556],[55.8248,-21.1958001],[55.82487,-21.1958307],[55.8250011,-21.1959225],[55.8250687,-21.1959529],[55.8251742,-21.1959628],[55.825291,-21.1959259],[55.8252942,-21.1958617],[55.8251835,-21.1958472],[55.8252194,-21.1958024],[55.8253219,-21.1958011],[55.8253331,-21.1957395],[55.825322,-21.1956267],[55.8253488,-21.195483],[55.825351,-21.1954048],[55.8253166,-21.1953683],[55.8253124,-21.1953396],[55.8253387,-21.1953122],[55.825386,-21.1952901],[55.8254439,-21.1952917],[55.8255022,-21.1953274],[55.8255268,-21.1953786],[55.8255595,-21.1953805],[55.8255846,-21.1953632],[55.825576,-21.1952436],[55.8255201,-21.195132],[55.8255043,-21.1950607],[55.8255401,-21.1950179],[55.8256468,-21.1950147],[55.8256404,-21.1948782],[55.8255831,-21.1947672],[55.8255315,-21.1945987],[55.8255284,-21.1944605],[55.8254552,-21.1944158],[55.8253955,-21.1944075],[55.8253363,-21.1943767],[55.8254556,-21.1942551],[55.8254628,-21.1941935],[55.8254837,-21.1941532],[55.8254586,-21.19413],[55.8254041,-21.1940876],[55.8253949,-21.1940348],[55.8253388,-21.1940131],[55.8253309,-21.1939524],[55.8252875,-21.1938938],[55.8252131,-21.1938717],[55.8251178,-21.1939307],[55.8250487,-21.1939179],[55.824875,-21.1937843],[55.8248623,-21.1937269],[55.8248854,-21.1936867],[55.8248655,-21.1936603],[55.8247617,-21.1935871],[55.8247567,-21.1935387],[55.8248843,-21.1934456],[55.8248977,-21.1933759],[55.8248889,-21.1933182],[55.8248437,-21.1932544],[55.8248809,-21.1931607],[55.8248211,-21.1931113],[55.8248077,-21.1930885],[55.8247979,-21.1930492],[55.824756,-21.1929933],[55.8247345,-21.1929297],[55.824718,-21.1928692],[55.8247287,-21.1928074],[55.8247529,-21.1927441],[55.8248115,-21.1926827],[55.8247511,-21.1926423],[55.8247753,-21.1925853],[55.8247485,-21.1925454],[55.824768,-21.192436],[55.8248149,-21.1923718],[55.8247774,-21.1923171],[55.8248116,-21.1922246],[55.8248385,-21.1921093],[55.824905,-21.1920053],[55.8249128,-21.1918954],[55.8249644,-21.1917377],[55.8249254,-21.1914296],[55.8249411,-21.1913188],[55.824995,-21.1912305],[55.8249098,-21.1911633],[55.8249706,-21.1905703],[55.8249862,-21.1904678],[55.8250276,-21.1904362],[55.8249985,-21.1903792],[55.8250059,-21.1903375],[55.8250447,-21.1903258],[55.8249648,-21.1902646],[55.8249549,-21.1901861],[55.8250002,-21.1901388],[55.824937,-21.1900821],[55.8249539,-21.1900137],[55.8249399,-21.1899743],[55.8249563,-21.1898636],[55.8248807,-21.1897895],[55.8248506,-21.1896325],[55.8248106,-21.1896734],[55.8247828,-21.1894747],[55.8248266,-21.1893896],[55.8248666,-21.1893691],[55.8248851,-21.1892832],[55.8248938,-21.1892564],[55.8249218,-21.189238],[55.8249081,-21.1891814],[55.8249338,-21.1891091],[55.8249499,-21.1890732],[55.8249764,-21.1890701],[55.8252789,-21.188352],[55.8253525,-21.1880247],[55.8256002,-21.187372],[55.8256568,-21.1873114],[55.8256347,-21.1872147],[55.8256942,-21.1870828],[55.8256294,-21.186839],[55.8256652,-21.1865333],[55.8258187,-21.1861055],[55.8260974,-21.1858187],[55.8265618,-21.185674],[55.8266897,-21.1856627],[55.8267777,-21.185655],[55.8269482,-21.1855923],[55.8270083,-21.1857295],[55.8271375,-21.1858385],[55.8275169,-21.1860561],[55.8277415,-21.1861061],[55.8281577,-21.1861162],[55.8283113,-21.1861369],[55.8284508,-21.1861785],[55.8286413,-21.1862804],[55.8288506,-21.186354],[55.8289966,-21.1863941],[55.8293582,-21.1863946],[55.8294963,-21.1863819],[55.8295979,-21.1864206],[55.8296313,-21.1864006],[55.8297326,-21.1864114],[55.8297902,-21.1863761],[55.8299133,-21.1863883],[55.8299402,-21.1863364],[55.8299946,-21.1863368],[55.8300448,-21.1864138],[55.8301139,-21.1864006],[55.8301214,-21.1863604],[55.8301786,-21.1864107],[55.8302493,-21.1863714],[55.8303274,-21.1864079],[55.8304228,-21.1862953],[55.8305321,-21.186293],[55.830673,-21.1862048],[55.8307663,-21.1861317],[55.8309266,-21.1862383],[55.8310474,-21.1862901],[55.8311833,-21.1862969],[55.8312503,-21.1862817],[55.8312861,-21.1862331],[55.8313717,-21.1862034],[55.8314685,-21.1862327],[55.8315406,-21.1862835],[55.8316571,-21.1862889],[55.8316862,-21.1863116],[55.8318454,-21.1863196],[55.8319731,-21.1862622],[55.8321049,-21.1861855],[55.8321375,-21.1861452],[55.8322446,-21.1859669],[55.832347,-21.185786],[55.8324254,-21.1857178],[55.8325293,-21.1856809],[55.8326506,-21.1856665],[55.832747,-21.1856749],[55.832848,-21.1856497],[55.8329609,-21.185643],[55.8330499,-21.1856171],[55.8331184,-21.1855827],[55.8331803,-21.1855819],[55.8332558,-21.185596],[55.8333247,-21.1855815],[55.8334765,-21.1854797],[55.8335921,-21.1853773],[55.8336866,-21.1852806],[55.8336703,-21.1852187],[55.8336841,-21.1852002],[55.8337223,-21.1851529],[55.833792,-21.1851637],[55.8338482,-21.185203],[55.8339082,-21.1851934],[55.8339094,-21.1851297],[55.8338481,-21.1850812],[55.8337859,-21.1850171],[55.8338029,-21.1849799],[55.8338425,-21.1849706],[55.8338537,-21.1849009],[55.8339063,-21.1848988],[55.8339083,-21.1848664],[55.833924,-21.1848353],[55.8340248,-21.1846165],[55.8340739,-21.1845546],[55.8341249,-21.1845395],[55.8341862,-21.1845609],[55.8341667,-21.1846005],[55.8341678,-21.1846412],[55.834216,-21.1846822],[55.8342808,-21.1846881],[55.8343062,-21.1846465],[55.8342894,-21.1846046],[55.8342545,-21.1845707],[55.8342099,-21.1845538],[55.8342017,-21.1845164],[55.8342179,-21.1844821],[55.834272,-21.1844444],[55.8343275,-21.1844261],[55.8343907,-21.1844595],[55.8344188,-21.1845945],[55.8344696,-21.1845732],[55.8344612,-21.1844398],[55.8344317,-21.1843927],[55.8344312,-21.1843334],[55.8344862,-21.1843223],[55.8345352,-21.1843311],[55.834621,-21.1843417],[55.8346237,-21.1843772],[55.8346232,-21.1844419],[55.834689,-21.1844739],[55.8347348,-21.1844308],[55.8347534,-21.1843663],[55.8347414,-21.1842783],[55.8347816,-21.1842449],[55.8348191,-21.1842628],[55.8348227,-21.1843325],[55.8348832,-21.1843466],[55.834915,-21.1842846],[55.8349204,-21.1842582],[55.8349463,-21.1842369],[55.834961,-21.1842771],[55.8349628,-21.1843232],[55.8349417,-21.1843823],[55.8349779,-21.1844363],[55.8351054,-21.1844668],[55.8351156,-21.1844242],[55.8350907,-21.1844074],[55.835096,-21.184367],[55.8351214,-21.1842782],[55.8351423,-21.1842175],[55.8352093,-21.1841845],[55.8352237,-21.1842331],[55.8352191,-21.1842851],[55.8352536,-21.1842873],[55.8353104,-21.1842436],[55.8353183,-21.1842985],[55.8354128,-21.1842452],[55.8354162,-21.1842139],[55.835386,-21.184196],[55.8353901,-21.1841467],[55.8354481,-21.1841471],[55.8357123,-21.1841221],[55.8358233,-21.1840223],[55.8359562,-21.1838822],[55.8361171,-21.183798],[55.8361442,-21.1837443],[55.83615,-21.1836739],[55.8361979,-21.1836171],[55.8363076,-21.1835513],[55.8363811,-21.183551],[55.8364492,-21.1835319],[55.8364937,-21.1835077],[55.8365123,-21.1834841],[55.836531,-21.1834517],[55.8365956,-21.1834202],[55.8366505,-21.183342],[55.8366274,-21.1832042],[55.8366924,-21.1828833],[55.8366578,-21.1827485],[55.836611,-21.1827005],[55.8366301,-21.1825015],[55.8365275,-21.1823871],[55.8365369,-21.1822697],[55.8364305,-21.1820703],[55.8362898,-21.1819775],[55.83622,-21.1819021],[55.8362665,-21.1818396],[55.8363652,-21.1817474],[55.8363708,-21.1817139],[55.8363165,-21.181675],[55.836262,-21.1816471],[55.8361739,-21.1816169],[55.8361049,-21.1815513],[55.8359602,-21.1814937],[55.8359725,-21.18143],[55.8359583,-21.1813619],[55.8359228,-21.1813238],[55.8361708,-21.1812081],[55.836186,-21.1811583],[55.8361643,-21.1811096],[55.8361012,-21.1810398],[55.8360155,-21.1810017],[55.8358531,-21.181009],[55.8357071,-21.1810487],[55.8356126,-21.1810132],[55.8355931,-21.1808307],[55.835533,-21.1807715],[55.8355055,-21.180538],[55.8353707,-21.1804017],[55.8353881,-21.1803136],[55.8352667,-21.1802054],[55.8353095,-21.1801661],[55.8354614,-21.1802143],[55.8355338,-21.1802217],[55.8355737,-21.1801709],[55.8353431,-21.1799449],[55.8351665,-21.1799524],[55.8350897,-21.1799723],[55.8350104,-21.17996],[55.8348453,-21.1798663],[55.8347983,-21.1797708],[55.8347606,-21.1793527],[55.8346938,-21.1791997],[55.8347349,-21.1785769],[55.8348907,-21.1785965],[55.8350482,-21.1786356],[55.8350713,-21.1785875],[55.834877,-21.1784633],[55.8348682,-21.1784269],[55.8350118,-21.1783988],[55.8351061,-21.1782764],[55.8349828,-21.1781646],[55.8347968,-21.1781273],[55.8346664,-21.178168],[55.8345597,-21.1781177],[55.83437,-21.1776565],[55.8342645,-21.1775338],[55.8342862,-21.1774091],[55.8344291,-21.1772853],[55.8343822,-21.1772408],[55.8345148,-21.1771562],[55.8344009,-21.177103],[55.8341917,-21.17701],[55.834003,-21.1769477],[55.8341632,-21.1768739],[55.8340228,-21.1766844],[55.8338701,-21.1766091],[55.8337971,-21.1760537],[55.8339129,-21.1759506],[55.8339221,-21.1758408],[55.8339235,-21.1755659],[55.8338747,-21.1755441],[55.8337988,-21.1755561],[55.8337776,-21.1752347],[55.8337246,-21.1750657],[55.8337591,-21.1750053],[55.8337943,-21.1749526],[55.8338091,-21.1749272],[55.83385,-21.1749069],[55.8340021,-21.1749148],[55.8341265,-21.1749111],[55.8343213,-21.1748975],[55.8343722,-21.1748891],[55.8343762,-21.174855],[55.8343241,-21.1747964],[55.8341368,-21.1747537],[55.8340897,-21.1747161],[55.8340179,-21.174697],[55.8339702,-21.1746951],[55.8338682,-21.174743],[55.8338245,-21.1747378],[55.8337929,-21.174716],[55.8337421,-21.1747052],[55.8336924,-21.1747066],[55.8336291,-21.1746843],[55.8335908,-21.1746455],[55.8335861,-21.174598],[55.8336004,-21.1745508],[55.8336316,-21.1745435],[55.8336846,-21.174544],[55.8337322,-21.1745125],[55.833732,-21.174468],[55.8336867,-21.1743939],[55.8336204,-21.1743492],[55.8336341,-21.174267],[55.8335961,-21.1742423],[55.833604,-21.1741947],[55.8335914,-21.1741464],[55.8335576,-21.1740952],[55.8335668,-21.1740642],[55.8336572,-21.1740305],[55.8337731,-21.1739996],[55.833951,-21.1738449],[55.8339563,-21.1737267],[55.8339247,-21.1736957],[55.8338866,-21.173693],[55.8338243,-21.1737162],[55.8337573,-21.1737069],[55.8336962,-21.1736421],[55.8337602,-21.1735486],[55.8337273,-21.1735375],[55.8336559,-21.1735889],[55.83361,-21.1735739],[55.8336134,-21.1735416],[55.8337236,-21.1734396],[55.8338641,-21.1733314],[55.8338542,-21.1733095],[55.833825,-21.17327],[55.8338034,-21.1732369],[55.8337899,-21.1732107],[55.8337652,-21.1731717],[55.8337575,-21.1731523],[55.8337258,-21.1731331],[55.8336426,-21.1731192],[55.8335696,-21.1731803],[55.8335146,-21.1731211],[55.8335641,-21.1730734],[55.8336161,-21.1730522],[55.8335339,-21.1730336],[55.8334674,-21.1730248],[55.8333878,-21.1730048],[55.8333503,-21.1727622],[55.8332475,-21.1725583],[55.8331534,-21.1724067],[55.8332163,-21.172299],[55.8331283,-21.1722097],[55.8331057,-21.1720792],[55.8331127,-21.1720461],[55.8331319,-21.171963],[55.8331743,-21.1719096],[55.8331857,-21.1718275],[55.8331216,-21.1716935],[55.8331201,-21.1714522],[55.8331415,-21.1712956],[55.8331374,-21.1712293],[55.8331,-21.1711498],[55.8331097,-21.1710836],[55.8331822,-21.1710407],[55.8331814,-21.1709998],[55.8332151,-21.1709686],[55.8332258,-21.1709403],[55.8332454,-21.1709144],[55.8332762,-21.1709093],[55.8333095,-21.1709262],[55.8333497,-21.1709455],[55.8333578,-21.1708556],[55.8333934,-21.1708185],[55.833428,-21.1707731],[55.8334415,-21.170703],[55.833458,-21.1706602],[55.8334538,-21.1706342],[55.8334873,-21.1705498],[55.8334455,-21.1705111],[55.8334007,-21.1704868],[55.8331921,-21.1704377],[55.8331931,-21.1704024],[55.8334761,-21.1704793],[55.8335701,-21.1704257],[55.833522,-21.1703486],[55.8335516,-21.1702788],[55.8335828,-21.1702366],[55.8335939,-21.1702125],[55.8336069,-21.1701957],[55.8335776,-21.1701413],[55.8335349,-21.1701233],[55.8334553,-21.1701457],[55.8334111,-21.1701316],[55.8333532,-21.1701607],[55.8333772,-21.1700959],[55.8334225,-21.1698713],[55.8334159,-21.1698058],[55.8333166,-21.1696695],[55.8332418,-21.1696499],[55.8332243,-21.1696252],[55.8332247,-21.1696016],[55.833262,-21.1694753],[55.8332778,-21.1694303],[55.8332382,-21.1693829],[55.8332936,-21.1693222],[55.833261,-21.1692394],[55.8332663,-21.1691341],[55.8332933,-21.1690788],[55.8333041,-21.169022],[55.8332674,-21.1689899],[55.8332362,-21.1689285],[55.8332421,-21.1688197],[55.833122,-21.1685558],[55.8329748,-21.1682258],[55.8328975,-21.1679092],[55.8329147,-21.1675312],[55.8329661,-21.1675078],[55.8329887,-21.1674696],[55.8329751,-21.1674294],[55.8329278,-21.1673741],[55.8329375,-21.1669167],[55.8329689,-21.1668016],[55.832933,-21.1667066],[55.8328423,-21.1665893],[55.832931,-21.1664942],[55.8329712,-21.1664554],[55.832959,-21.1664311],[55.8328451,-21.1663307],[55.8328401,-21.1662485],[55.8328262,-21.166217],[55.832825,-21.1662031],[55.8327755,-21.166074],[55.8327213,-21.1660273],[55.8326908,-21.1659772],[55.8326779,-21.1659333],[55.8326598,-21.165785],[55.8326809,-21.1657016],[55.8327315,-21.1655752],[55.8327887,-21.1654767],[55.8328411,-21.1654217],[55.832902,-21.1653888],[55.8329531,-21.1653655],[55.8330648,-21.1653526],[55.8330999,-21.1653668],[55.8331078,-21.165404],[55.8331319,-21.1654282],[55.8332064,-21.1653961],[55.8332902,-21.1653853],[55.8333641,-21.1653978],[55.8334067,-21.1653936],[55.8334442,-21.1653802],[55.8335155,-21.1653299],[55.8336214,-21.1652701],[55.8336659,-21.1652241],[55.833692,-21.1651814],[55.8337243,-21.1651518],[55.8337464,-21.1651136],[55.8337585,-21.1650712],[55.8338091,-21.164992],[55.8338385,-21.1649742],[55.8338682,-21.1649889],[55.8339351,-21.1650308],[55.8339916,-21.1650511],[55.8340381,-21.1650571],[55.8340842,-21.1650586],[55.8341126,-21.1650359],[55.8341112,-21.1650142],[55.8342523,-21.1648907],[55.8342757,-21.1648643],[55.8343181,-21.1647991],[55.8344612,-21.1646579],[55.8344835,-21.1646679],[55.8344754,-21.16465],[55.8344056,-21.164566],[55.8344417,-21.1644956],[55.8344141,-21.1644527],[55.8343875,-21.1643846],[55.8343581,-21.1643494],[55.8343342,-21.1643358],[55.8343188,-21.1643184],[55.8343112,-21.1642982],[55.8343193,-21.1642713],[55.8343365,-21.164241],[55.8343604,-21.1642167],[55.8343956,-21.1642076],[55.8344335,-21.1642133],[55.8344599,-21.1642305],[55.8345136,-21.1642866],[55.8345513,-21.1643049],[55.8346006,-21.1643154],[55.8346417,-21.1643126],[55.8346759,-21.1642994],[55.8348346,-21.1643265],[55.8348836,-21.1643177],[55.8349307,-21.1643009],[55.8350718,-21.1642029],[55.8351276,-21.1641571],[55.8351319,-21.1641447],[55.8350164,-21.1640497],[55.8350084,-21.1640211],[55.8350575,-21.1639855],[55.8349305,-21.1638367],[55.8349074,-21.1638104],[55.8348227,-21.1637066],[55.8347635,-21.1636917],[55.8347373,-21.1636677],[55.8347248,-21.1636457],[55.8347294,-21.1636319],[55.834752,-21.1636229],[55.8348417,-21.1635967],[55.8348902,-21.1635923],[55.8349346,-21.1635993],[55.8351053,-21.1636629],[55.835295,-21.1636817],[55.8352632,-21.163614],[55.8352724,-21.1635826],[55.8352598,-21.1635559],[55.8352153,-21.1635324],[55.8351744,-21.1635464],[55.8351405,-21.1635486],[55.8351205,-21.1635377],[55.8353012,-21.1634939],[55.8352563,-21.1634698],[55.8352154,-21.1634838],[55.8351815,-21.1634859],[55.8351107,-21.1634475],[55.8350717,-21.1634093],[55.8350729,-21.1633698],[55.8350938,-21.1633363],[55.8351041,-21.1632552],[55.8351156,-21.1632149],[55.8351479,-21.1631784],[55.8351364,-21.1631687],[55.835092,-21.1630828],[55.8350706,-21.163084],[55.8350508,-21.1630757],[55.8350445,-21.1630493],[55.8350632,-21.1630273],[55.8350403,-21.1629832],[55.8350539,-21.1629573],[55.8350454,-21.1629217],[55.8350013,-21.1628742],[55.8349778,-21.1628036],[55.8349286,-21.1627678],[55.8348398,-21.1626],[55.8348018,-21.1625406],[55.8347822,-21.1624817],[55.8347762,-21.1624349],[55.8347771,-21.1623726],[55.8348045,-21.1622867],[55.83484,-21.1620689],[55.8348841,-21.1619277],[55.8349409,-21.1617744],[55.8349491,-21.1616851],[55.8349689,-21.1616411],[55.8349904,-21.1616189],[55.8350194,-21.1616156],[55.8350592,-21.1616216],[55.8351395,-21.1616362],[55.8351866,-21.161652],[55.8352215,-21.1616499],[55.8352611,-21.1616032],[55.8352642,-21.1615892],[55.835218,-21.1615259],[55.8352128,-21.161499],[55.8351899,-21.161491],[55.8351612,-21.1614538],[55.8350899,-21.1614852],[55.8349878,-21.1614705],[55.8349292,-21.1614456],[55.8349248,-21.1614135],[55.8349285,-21.1613607],[55.8349144,-21.1613025],[55.8348888,-21.1612525],[55.8348561,-21.1612005],[55.8347847,-21.1611379],[55.8347274,-21.1611038],[55.8346989,-21.1610793],[55.8346354,-21.1610003],[55.8345598,-21.1608748],[55.8345514,-21.1607932],[55.8345561,-21.1607444],[55.8345694,-21.1606934],[55.8345976,-21.1606506],[55.8346498,-21.1606041],[55.8347468,-21.1605927],[55.8348371,-21.1606002],[55.8349178,-21.1606216],[55.8349466,-21.1606115],[55.8349877,-21.1605622],[55.8350057,-21.1604777],[55.8349923,-21.1604457],[55.8349683,-21.1604301],[55.8350293,-21.1603809],[55.8348926,-21.1603115],[55.834855,-21.1602979],[55.8347347,-21.1602708],[55.8347,-21.1602489],[55.8346848,-21.1602141],[55.8346399,-21.1601855],[55.8346271,-21.1601694],[55.8345143,-21.1601215],[55.834467,-21.1601027],[55.8344223,-21.1601055],[55.8343844,-21.160118],[55.8342911,-21.1601083],[55.8342075,-21.1600892],[55.8341677,-21.1600688],[55.8341363,-21.1600431],[55.8341028,-21.1600417],[55.8340772,-21.1600471],[55.8340128,-21.1599954],[55.8339889,-21.1598622],[55.8339394,-21.1598509],[55.8338959,-21.1598501],[55.8338709,-21.1597704],[55.8338362,-21.1596896],[55.8338436,-21.1595996],[55.8338665,-21.1595787],[55.8338716,-21.1595594],[55.8338594,-21.1595401],[55.8339078,-21.1595368],[55.8339503,-21.159556],[55.833959,-21.1595342],[55.8339616,-21.1594448],[55.8339572,-21.1594018],[55.8338266,-21.1592897],[55.8337993,-21.1592459],[55.8337645,-21.1592224],[55.8337388,-21.1592152],[55.8336712,-21.159158],[55.833676,-21.1591234],[55.8336165,-21.1590727],[55.8335743,-21.1590609],[55.8335591,-21.1590629],[55.8335017,-21.1590143],[55.8330727,-21.1589725],[55.8330415,-21.1589736],[55.8329968,-21.1589647],[55.8329642,-21.1589451],[55.8329261,-21.1589116],[55.8328958,-21.1588738],[55.8326622,-21.1586666],[55.8326877,-21.1586482],[55.8326741,-21.158635],[55.832705,-21.158602],[55.8327302,-21.1585845],[55.8327244,-21.1585341],[55.8327331,-21.15848],[55.8327284,-21.1584437],[55.8326789,-21.1584448],[55.8326455,-21.1584718],[55.8325597,-21.1585734],[55.8325506,-21.15854],[55.8325627,-21.1585033],[55.832558,-21.1584836],[55.8325384,-21.1584785],[55.8324732,-21.1585008],[55.8322267,-21.1582919],[55.8321414,-21.1582313],[55.8320477,-21.1581501],[55.8319833,-21.1580811],[55.831906,-21.1579304],[55.8318692,-21.15787],[55.8317968,-21.1577169],[55.8317638,-21.1576146],[55.8317677,-21.1575644],[55.8317913,-21.1575243],[55.8318301,-21.1574627],[55.8318465,-21.1574542],[55.8319023,-21.1574697],[55.8319581,-21.1574299],[55.8319765,-21.1574038],[55.8319799,-21.1573907],[55.8319763,-21.1573735],[55.8319535,-21.1573773],[55.8319267,-21.1573942],[55.8318701,-21.1572902],[55.8318429,-21.1571968],[55.8317867,-21.1571819],[55.8317719,-21.1571759],[55.8317702,-21.1570953],[55.8316507,-21.1570725],[55.831583,-21.1570669],[55.8315217,-21.1570993],[55.8314678,-21.1571429],[55.8313972,-21.1571501],[55.8313716,-21.1570965],[55.8313289,-21.1570438],[55.831282,-21.1569977],[55.8312702,-21.1569327],[55.8312712,-21.1569143],[55.8312743,-21.1568645],[55.8313139,-21.1568248],[55.8312685,-21.1567776],[55.8312483,-21.1567841],[55.8312394,-21.1567335],[55.8311838,-21.1567081],[55.8311674,-21.1566408],[55.8311698,-21.1565757],[55.8312028,-21.1565255],[55.831195,-21.1564819],[55.8311856,-21.1564517],[55.8311707,-21.1564212],[55.8311264,-21.1563489],[55.8310761,-21.156276],[55.8309289,-21.1561081],[55.8308503,-21.1560005],[55.8308886,-21.1559604],[55.8307706,-21.1557677],[55.8307558,-21.1557596],[55.8307265,-21.1557018],[55.8308485,-21.1556355],[55.8308189,-21.1555955],[55.8307727,-21.1555501],[55.8307965,-21.1554642],[55.8307712,-21.1554285],[55.8308031,-21.1553724],[55.8308647,-21.1553363],[55.8308431,-21.1553046],[55.8308559,-21.155248],[55.8308259,-21.1552546],[55.830797,-21.1552324],[55.8308712,-21.1551766],[55.8308327,-21.155049],[55.8307882,-21.1549941],[55.8307298,-21.154956],[55.8305934,-21.1549143],[55.8307162,-21.154855],[55.83078,-21.1548345],[55.8308528,-21.1547937],[55.8308488,-21.1547539],[55.830796,-21.1547091],[55.830777,-21.1546095],[55.8305658,-21.1545687],[55.8305007,-21.154595],[55.8304303,-21.154609],[55.8303625,-21.1546071],[55.8302971,-21.1545807],[55.8302295,-21.1545716],[55.8298789,-21.154655],[55.8298306,-21.1546095],[55.8298786,-21.1545621],[55.8298433,-21.1545052],[55.829776,-21.1545087],[55.829717,-21.1544722],[55.8297169,-21.1544085],[55.8297307,-21.1544001],[55.8297255,-21.1543709],[55.8296829,-21.1543385],[55.8295306,-21.1540569],[55.8295137,-21.154021],[55.8295075,-21.154],[55.8295227,-21.1539866],[55.8295279,-21.1539525],[55.8294905,-21.1538904],[55.8293871,-21.1537837],[55.8293594,-21.1537394],[55.8293988,-21.1537228],[55.829395,-21.1537011],[55.8293734,-21.153688],[55.8293914,-21.1536804],[55.8293878,-21.1536605],[55.8293125,-21.1536466],[55.8292552,-21.1535463],[55.8292445,-21.1535347],[55.8292847,-21.153484],[55.8293017,-21.1534825],[55.8291974,-21.1533806],[55.829145,-21.1533425],[55.8290595,-21.1531876],[55.8290487,-21.1531189],[55.8291177,-21.1531023],[55.8291766,-21.1530657],[55.829215,-21.1530123],[55.8292841,-21.152989],[55.8293539,-21.1529781],[55.8293967,-21.1529473],[55.8293892,-21.1529249],[55.829438,-21.152882],[55.8291713,-21.1527081],[55.829189,-21.1526673],[55.8291502,-21.1526112],[55.8290819,-21.1526196],[55.8290269,-21.1526163],[55.8290013,-21.1526001],[55.8289724,-21.1525623],[55.8289417,-21.152497],[55.8289288,-21.1524339],[55.8288755,-21.1523835],[55.8288074,-21.1523583],[55.8286656,-21.1523527],[55.8286293,-21.1523634],[55.8285773,-21.1523305],[55.8284291,-21.1523714],[55.82839,-21.1523634],[55.8283205,-21.1523573],[55.8282528,-21.1523642],[55.8281863,-21.1523912],[55.8281255,-21.1524301],[55.8280864,-21.1524662],[55.8280482,-21.1524768],[55.8280167,-21.1525059],[55.8279499,-21.1525034],[55.8278954,-21.1524517],[55.8278535,-21.152399],[55.8277913,-21.1522807],[55.827701,-21.1521726],[55.8276705,-21.1521129],[55.8276481,-21.1520452],[55.8276531,-21.1519785],[55.8276341,-21.1519144],[55.8276666,-21.1518576],[55.8276443,-21.1517964],[55.8276849,-21.1517449],[55.8277084,-21.1516812],[55.8277214,-21.1516146],[55.8277537,-21.1515256],[55.8277791,-21.1514169],[55.8277491,-21.1512159],[55.8277218,-21.151152],[55.8276814,-21.1510944],[55.8276582,-21.1510318],[55.8276343,-21.1508962],[55.8276851,-21.1508536],[55.8277525,-21.1508358],[55.8277451,-21.1506944],[55.8276978,-21.1506767],[55.8276238,-21.1506915],[55.8275756,-21.1506469],[55.8276139,-21.1504516],[55.8275987,-21.1503896],[55.8276601,-21.1503593],[55.8276674,-21.1502962],[55.8276391,-21.1502383],[55.8276277,-21.1501755],[55.8275366,-21.1501204],[55.8275583,-21.1500877],[55.8275795,-21.1500258],[55.8275886,-21.1499628],[55.827589,-21.1498957],[55.8276493,-21.1497805],[55.8276376,-21.1497175],[55.8275853,-21.1496881],[55.8275185,-21.1496982],[55.827485,-21.1496412],[55.8275156,-21.1496397],[55.8275829,-21.1496589],[55.8276489,-21.1496344],[55.8276872,-21.1495974],[55.8276838,-21.1495255],[55.8276795,-21.1494526],[55.8276582,-21.1494504],[55.8275982,-21.149484],[55.8275547,-21.1495394],[55.8274975,-21.1495778],[55.8274332,-21.1495549],[55.827397,-21.1495166],[55.8275251,-21.149465],[55.8276756,-21.1493768],[55.8276697,-21.1493057],[55.8275437,-21.1492366],[55.8274713,-21.14922],[55.8273956,-21.1492125],[55.8273489,-21.1491619],[55.8273635,-21.1490991],[55.8274152,-21.1491418],[55.8274882,-21.1491324],[55.8275534,-21.1491163],[55.8276093,-21.1490847],[55.8275605,-21.1490457],[55.8275001,-21.1490135],[55.8274235,-21.1490078],[55.8273562,-21.1489952],[55.8272874,-21.1490108],[55.8272731,-21.1490287],[55.8272577,-21.1490633],[55.8272366,-21.1490241],[55.8272463,-21.1490011],[55.8272799,-21.1488551],[55.8272755,-21.1488331],[55.8272186,-21.1487927],[55.8271743,-21.1487435],[55.8271,-21.148625],[55.82705,-21.1485709],[55.8269918,-21.1485383],[55.826948,-21.1484866],[55.8269911,-21.1484365],[55.8270504,-21.1484703],[55.8270971,-21.1485209],[55.8271307,-21.1485767],[55.827182,-21.1486178],[55.8272493,-21.1486389],[55.8273175,-21.148619],[55.8273382,-21.1486015],[55.8273564,-21.148513],[55.8273031,-21.1484661],[55.8272798,-21.1484029],[55.827247,-21.1483428],[55.827211,-21.1482859],[55.8271646,-21.1482385],[55.8272106,-21.1481156],[55.8272495,-21.148131],[55.8272178,-21.1481971],[55.8272545,-21.1482509],[55.8273185,-21.1482759],[55.8273486,-21.148264],[55.827351,-21.1482451],[55.8273304,-21.148178],[55.827264,-21.1481121],[55.8272123,-21.147905],[55.8270857,-21.1478302],[55.8270309,-21.1477992],[55.8270301,-21.147762],[55.8269817,-21.1477171],[55.8269282,-21.1477298],[55.8269197,-21.1477748],[55.8268539,-21.1477448],[55.8268001,-21.1477041],[55.8267484,-21.1476507],[55.8266801,-21.1476443],[55.8266273,-21.1476002],[55.8266343,-21.1475768],[55.8265975,-21.1475509],[55.8266393,-21.147499],[55.826638,-21.1474825],[55.8266591,-21.1474594],[55.8266655,-21.1474455],[55.8265982,-21.1474364],[55.8265101,-21.147414],[55.8264424,-21.1474692],[55.826339,-21.1474112],[55.8263184,-21.1474012],[55.8261922,-21.1472301],[55.8260982,-21.1470495],[55.8259416,-21.1469124],[55.8259024,-21.1468557],[55.8258897,-21.1467875],[55.8259004,-21.1467174],[55.8259403,-21.146663],[55.8260027,-21.1466359],[55.8261481,-21.1466148],[55.8262789,-21.1465503],[55.8263492,-21.1465423],[55.8263617,-21.1464827],[55.8263965,-21.1464496],[55.8264026,-21.14642],[55.8264868,-21.14634],[55.826494,-21.1463268],[55.8264994,-21.1462539],[55.8264924,-21.1461908],[55.8264843,-21.146177],[55.8265328,-21.1461283],[55.8264178,-21.146047],[55.8263668,-21.1460472],[55.8263056,-21.1460161],[55.8263397,-21.1459796],[55.8263131,-21.1459754],[55.8262482,-21.1459311],[55.8261882,-21.145948],[55.8261304,-21.1459111],[55.8261239,-21.1458482],[55.826165,-21.1457935],[55.8262317,-21.1457842],[55.8262993,-21.1457872],[55.8263619,-21.1457508],[55.8265117,-21.1456089],[55.8265489,-21.1455556],[55.8266186,-21.1455639],[55.8266449,-21.1455446],[55.8266498,-21.1455191],[55.8266225,-21.1454576],[55.8266634,-21.1454055],[55.8266634,-21.1453948],[55.8266994,-21.1453414],[55.8267686,-21.1453558],[55.8268411,-21.145363],[55.8268872,-21.1453313],[55.8268411,-21.1452756],[55.8268223,-21.1452673],[55.8268832,-21.1452142],[55.8267402,-21.1451498],[55.8266706,-21.1451405],[55.8266093,-21.14511],[55.8266263,-21.1450483],[55.8266973,-21.1450584],[55.8267659,-21.1450536],[55.8268118,-21.1450062],[55.8268833,-21.144895],[55.8268349,-21.1448501],[55.8267737,-21.14488],[55.8267048,-21.1448847],[55.8266444,-21.1448509],[55.8265905,-21.1448815],[55.8265676,-21.1448559],[55.8265275,-21.1447988],[55.8264835,-21.1447508],[55.8265066,-21.1446871],[55.8266101,-21.1445827],[55.8266309,-21.1445575],[55.826643,-21.1445334],[55.8266497,-21.1444703],[55.8266328,-21.1444524],[55.8266446,-21.144359],[55.8265761,-21.1443792],[55.8265086,-21.1443892],[55.8264397,-21.1444105],[55.8263593,-21.1445167],[55.8262885,-21.1445181],[55.8262319,-21.1444826],[55.8261736,-21.1444362],[55.8261283,-21.1443873],[55.8260865,-21.1443262],[55.8260673,-21.1442627],[55.8260887,-21.144216],[55.8260671,-21.1441531],[55.8261156,-21.1441121],[55.8260573,-21.1440797],[55.8259943,-21.14411],[55.825977,-21.144133],[55.8259263,-21.1440612],[55.8258732,-21.1440185],[55.8257876,-21.1439136],[55.8257219,-21.1439358],[55.8257061,-21.1438708],[55.8257336,-21.1438079],[55.8257785,-21.1437544],[55.8257686,-21.1436997],[55.8257813,-21.1436362],[55.8257833,-21.1435791],[55.825827,-21.1435112],[55.8258305,-21.1434812],[55.8257316,-21.1435674],[55.8256799,-21.1435461],[55.8256045,-21.1435544],[55.8255754,-21.1435651],[55.8255195,-21.1434895],[55.8254374,-21.143463],[55.8254189,-21.1434216],[55.8253634,-21.1433789],[55.8253013,-21.1434168],[55.8252817,-21.1434138],[55.8252397,-21.1434358],[55.8251976,-21.1433873],[55.8250575,-21.1433409],[55.8249778,-21.1433094],[55.8249325,-21.1433035],[55.8248173,-21.143267],[55.824795,-21.1432344],[55.8248216,-21.1431737],[55.8247899,-21.1431177],[55.8248119,-21.1430554],[55.8247726,-21.1430002],[55.8247047,-21.1430064],[55.8247225,-21.1430587],[55.8247563,-21.1431137],[55.8246998,-21.1431512],[55.8247153,-21.1431765],[55.8246556,-21.1432156],[55.8245613,-21.1431861],[55.8244232,-21.1431406],[55.824288,-21.1431146],[55.8242203,-21.1430945],[55.8241529,-21.143066],[55.8240442,-21.142987],[55.8239797,-21.1429639],[55.8239266,-21.1429172],[55.8239073,-21.1428554],[55.8239048,-21.1427872],[55.8238569,-21.1427312],[55.8237857,-21.1427264],[55.8237156,-21.1427327],[55.8236519,-21.1426968],[55.823601,-21.1426528],[55.8235978,-21.142585],[55.8236414,-21.142533],[55.823776,-21.1425167],[55.8238055,-21.1424969],[55.8238114,-21.1424792],[55.823766,-21.1424287],[55.8237028,-21.1424036],[55.823634,-21.1423848],[55.8235702,-21.1423763],[55.8235329,-21.1423355],[55.8234702,-21.1423623],[55.8234062,-21.1423999],[55.8233082,-21.1424977],[55.823241,-21.1424822],[55.8232014,-21.1424288],[55.8232476,-21.1423794],[55.823292,-21.1423545],[55.8232733,-21.142356],[55.8232751,-21.1423408],[55.8232213,-21.142297],[55.8231532,-21.1422986],[55.8230927,-21.1423273],[55.8230383,-21.1423741],[55.8226534,-21.1424047],[55.8226391,-21.1424371],[55.8225793,-21.1424742],[55.822509,-21.1424676],[55.8224408,-21.1424721],[55.822389,-21.1424243],[55.8223167,-21.1424218],[55.8222674,-21.1423755],[55.8222996,-21.1423168],[55.8223082,-21.1422497],[55.822237,-21.1421326],[55.8221853,-21.1420869],[55.8221398,-21.1420303],[55.82217,-21.1419327],[55.8221254,-21.1418306],[55.8221533,-21.1417614],[55.8221257,-21.1417013],[55.8220048,-21.1415137],[55.8219773,-21.1414523],[55.8219337,-21.1413967],[55.8219281,-21.1412664],[55.8219083,-21.1411987],[55.8218265,-21.1410851],[55.8217607,-21.1410306],[55.821703,-21.1409127],[55.8216409,-21.1409424],[55.8215694,-21.1409589],[55.8215217,-21.1409518],[55.8213347,-21.1409924],[55.8213128,-21.1409892],[55.8212538,-21.1410101],[55.8210389,-21.1410568],[55.8210142,-21.1410771],[55.820968,-21.1411262],[55.8209149,-21.1411658],[55.820851,-21.1411954],[55.8207104,-21.1411849],[55.8205667,-21.1411592],[55.8203557,-21.1410469],[55.8203085,-21.1410132],[55.8199768,-21.1408271],[55.8199282,-21.1407734],[55.8193973,-21.1401761],[55.8193515,-21.1401395],[55.8193086,-21.1400838],[55.8192416,-21.1400751],[55.8192056,-21.1400159],[55.8192062,-21.139962],[55.819114,-21.1398586],[55.8189747,-21.1398369],[55.8189097,-21.1398186],[55.8188417,-21.1398196],[55.8188725,-21.1398764],[55.8188043,-21.1398572],[55.818755,-21.1398106],[55.8187191,-21.1397539],[55.8187076,-21.1396887],[55.8187586,-21.1397355],[55.8188172,-21.1397688],[55.8188542,-21.1397151],[55.8188573,-21.1396485],[55.8188063,-21.1395976],[55.818667,-21.1395956],[55.8186037,-21.1395704],[55.8186462,-21.1395204],[55.8186532,-21.1394573],[55.8186418,-21.1393918],[55.8186442,-21.1393323],[55.8185071,-21.1391799],[55.8184835,-21.1392003],[55.8184611,-21.1392284],[55.8184059,-21.1392868],[55.8183616,-21.1392731],[55.8183783,-21.1394625],[55.8183488,-21.1395209],[55.8183091,-21.1395731],[55.8182409,-21.1395657],[55.8181803,-21.1395327],[55.8181314,-21.1394885],[55.8181018,-21.1394248],[55.8180406,-21.1393397],[55.8180241,-21.139331],[55.8179653,-21.1393753],[55.8179253,-21.1394285],[55.8178686,-21.1394628],[55.8178706,-21.1393992],[55.8179142,-21.1393495],[55.8179415,-21.1392895],[55.8179011,-21.1391566],[55.8177955,-21.1391111],[55.8177177,-21.1391059],[55.817653,-21.1390427],[55.8173987,-21.1389267],[55.8173732,-21.1388929],[55.8173409,-21.1388312],[55.8173275,-21.1387682],[55.8172613,-21.1387432],[55.8171892,-21.138753],[55.8170929,-21.1387872],[55.8170289,-21.1387617],[55.8169665,-21.1387309],[55.8168484,-21.138793],[55.8167819,-21.1388099],[55.8167245,-21.1388519],[55.8167188,-21.1389125],[55.8166664,-21.1389558],[55.8165971,-21.1389435],[55.8165312,-21.1389601],[55.8164845,-21.1390234],[55.8163258,-21.1391606],[55.8162577,-21.1391844],[55.8162083,-21.1392348],[55.8161547,-21.139274],[55.8161587,-21.1393331],[55.8162076,-21.1394562],[55.8161894,-21.1394864],[55.8161548,-21.1395051],[55.8161305,-21.1395125],[55.8160775,-21.1395292],[55.8159918,-21.1395432],[55.8154288,-21.1396682],[55.8154079,-21.139675],[55.8153886,-21.1396771],[55.8153735,-21.1396795],[55.8152599,-21.1396888],[55.8151475,-21.1397596],[55.8148573,-21.1396688],[55.8146749,-21.1396095],[55.8143707,-21.1394089],[55.8142395,-21.1393134],[55.8141433,-21.1392308],[55.8141033,-21.1391851],[55.8139789,-21.1390053],[55.8139633,-21.1389532],[55.8139287,-21.1389266],[55.8138215,-21.1388949],[55.8137567,-21.1389417],[55.8135589,-21.1389311],[55.8134854,-21.138911],[55.8134454,-21.1388879],[55.8134156,-21.1388406],[55.8133742,-21.1388029],[55.8131836,-21.138719],[55.813122,-21.1386946],[55.8130418,-21.1387172],[55.8128379,-21.1386777],[55.8127125,-21.1386062],[55.8125652,-21.1385458],[55.8122897,-21.138448],[55.8121808,-21.1384186],[55.8119184,-21.1384026],[55.8114672,-21.1382354],[55.8113858,-21.1382146],[55.8113039,-21.1382029],[55.8111176,-21.1381149],[55.8110809,-21.1380894],[55.8109298,-21.1379645],[55.8108722,-21.137938],[55.8108163,-21.1379009],[55.8106507,-21.1377376],[55.8106021,-21.1377161],[55.8105832,-21.1377076],[55.8102111,-21.1376288],[55.810155,-21.1376017],[55.8100421,-21.1376364],[55.8097469,-21.1374586],[55.8095007,-21.1371027],[55.8092783,-21.1369989],[55.8084255,-21.1363583],[55.8082956,-21.1362251],[55.8082019,-21.1360536],[55.808143,-21.1359853],[55.8081278,-21.1359347],[55.8079133,-21.1356237],[55.8078976,-21.1356092],[55.8078582,-21.1355604],[55.8078399,-21.1355307],[55.8077875,-21.1354644],[55.8077543,-21.1354371],[55.8077039,-21.1354059],[55.8076104,-21.135295],[55.8075506,-21.1352399],[55.8074815,-21.1351258],[55.8074427,-21.1350616],[55.8074173,-21.1350002],[55.8074295,-21.134955],[55.8074453,-21.1349241],[55.8074663,-21.1348937],[55.8075276,-21.1348488],[55.8075175,-21.1347363],[55.8074717,-21.1346175],[55.8074358,-21.1344428],[55.8074304,-21.1343747],[55.8074138,-21.1343287],[55.8074133,-21.1342366],[55.8073946,-21.1341721],[55.8074001,-21.1340882],[55.8074048,-21.1340718],[55.807432,-21.1340698],[55.8074094,-21.1340453],[55.8074173,-21.1339651],[55.8074302,-21.133956],[55.8074299,-21.1339362],[55.8074559,-21.1339022],[55.8074825,-21.1338867],[55.8074345,-21.1338612],[55.8074421,-21.1337622],[55.8074281,-21.1337389],[55.8074382,-21.1336852],[55.8074527,-21.1336693],[55.807456,-21.1336419],[55.8074551,-21.1336065],[55.80735,-21.1334995],[55.8073328,-21.1334823],[55.8073139,-21.133476],[55.8073,-21.1334572],[55.8072599,-21.133427],[55.8072041,-21.1334158],[55.807178,-21.133386],[55.8071676,-21.1333448],[55.8071686,-21.1333175],[55.8071559,-21.1333047],[55.8071677,-21.1332894],[55.8071611,-21.1332594],[55.8071364,-21.1332442],[55.8071097,-21.133249],[55.8070868,-21.1332353],[55.8070526,-21.133267],[55.8070333,-21.1332642],[55.8069889,-21.1332388],[55.8069849,-21.1332025],[55.8070181,-21.1331664],[55.8070015,-21.1331462],[55.8070464,-21.133064],[55.8070412,-21.1330363],[55.8070214,-21.1330179],[55.8069806,-21.1330158],[55.8069055,-21.1330535],[55.8068576,-21.1330054],[55.8068347,-21.1330131],[55.8068012,-21.1330135],[55.806776,-21.133005],[55.8067555,-21.132983],[55.8067428,-21.1329381],[55.8067016,-21.1329144],[55.8066414,-21.1328968],[55.8066175,-21.1328788],[55.8065732,-21.1328303],[55.8065579,-21.1327967],[55.8066132,-21.1327624],[55.8065897,-21.1327346],[55.80654,-21.1325841],[55.8065087,-21.1325495],[55.8064463,-21.132519],[55.8063993,-21.1325456],[55.8063604,-21.1325084],[55.8062817,-21.1324691],[55.8062781,-21.1324317],[55.8062291,-21.1323841],[55.8062067,-21.1323788],[55.8061878,-21.1323925],[55.8061328,-21.1323801],[55.8060965,-21.1323782],[55.8060823,-21.1323714],[55.8060682,-21.1323639],[55.8059937,-21.1323278],[55.8059243,-21.1323692],[55.8058931,-21.1323452],[55.8058792,-21.1323101],[55.8058798,-21.1322721],[55.805716,-21.132189],[55.8056921,-21.1321693],[55.8056756,-21.132172],[55.8055457,-21.1321082],[55.8054269,-21.1321191],[55.8053911,-21.1320335],[55.8053078,-21.1319671],[55.8052339,-21.131947],[55.8051076,-21.1319733],[55.805084,-21.1319598],[55.8050711,-21.1319353],[55.8050664,-21.1319017],[55.8050836,-21.1318387],[55.8051735,-21.1317618],[55.8051861,-21.1317307],[55.805239,-21.1316719],[55.8051811,-21.131541],[55.8050807,-21.1315685],[55.8050418,-21.1315638],[55.8049917,-21.1315429],[55.8048444,-21.1315621],[55.8047574,-21.1316052],[55.8047281,-21.13157],[55.8046898,-21.13148],[55.8046288,-21.131432],[55.804563,-21.1314019],[55.8043263,-21.1312635],[55.8042677,-21.131221],[55.8038864,-21.1310878],[55.8038666,-21.1310438],[55.8038389,-21.1310136],[55.8038134,-21.1310017],[55.8037927,-21.13098],[55.8037977,-21.1309519],[55.8038689,-21.1307851],[55.8038822,-21.1307238],[55.8038816,-21.1306888],[55.8039296,-21.1306055],[55.8039266,-21.1305854],[55.8037022,-21.1304942],[55.8037348,-21.1304372],[55.8037388,-21.1303708],[55.803734,-21.1303289],[55.8037098,-21.1303155],[55.8036797,-21.1303193],[55.8036475,-21.1303082],[55.803601,-21.130315],[55.8035524,-21.1303447],[55.8035166,-21.1303799],[55.803471,-21.130402],[55.8033073,-21.1303384],[55.8031219,-21.1302992],[55.8030093,-21.1303381],[55.802916,-21.1304239],[55.8028713,-21.1303972],[55.8028272,-21.1303596],[55.8028059,-21.1303278],[55.8027931,-21.130291],[55.8027935,-21.1302451],[55.8028013,-21.1302132],[55.8028341,-21.1301818],[55.8028149,-21.1301432],[55.8026626,-21.1299937],[55.8025185,-21.1298552],[55.8023819,-21.1297663],[55.8023327,-21.1297253],[55.8022892,-21.1296765],[55.8022167,-21.1295697],[55.8021497,-21.1295188],[55.8020942,-21.1294477],[55.8010197,-21.1284156],[55.8009944,-21.1283484],[55.8009811,-21.1283304],[55.8009511,-21.1283181],[55.8009146,-21.1283147],[55.8008144,-21.1282132],[55.8008165,-21.1281935],[55.800799,-21.1281787],[55.800754,-21.1281604],[55.8006672,-21.1280745],[55.8005657,-21.1279495],[55.8005231,-21.1279092],[55.8004892,-21.1278559],[55.8003937,-21.127793],[55.8003654,-21.1277871],[55.7997309,-21.1271793],[55.7994933,-21.1270463],[55.7994782,-21.1270304],[55.7994544,-21.1270157],[55.7994,-21.1269945],[55.7990509,-21.1268026],[55.7989343,-21.1268057],[55.7988284,-21.1268233],[55.7987429,-21.1268022],[55.7986971,-21.1267815],[55.7986673,-21.1267918],[55.7985478,-21.1267644],[55.7980307,-21.1265229],[55.7980079,-21.1265059],[55.7979557,-21.1264881],[55.7977956,-21.1264135],[55.7977516,-21.1264016],[55.7977254,-21.1263819],[55.797687,-21.1263344],[55.7975819,-21.1262149],[55.7975373,-21.1261671],[55.7974752,-21.1260937],[55.7974741,-21.1260486],[55.7974402,-21.1260505],[55.7973255,-21.1259265],[55.7970391,-21.125853],[55.7969916,-21.1258267],[55.7969574,-21.125801],[55.796935,-21.125804],[55.7969085,-21.1258199],[55.7967311,-21.1257747],[55.7966492,-21.1257244],[55.7964907,-21.1256975],[55.7964067,-21.1256098],[55.7963369,-21.1255672],[55.7963702,-21.1255218],[55.7963409,-21.1254679],[55.7962854,-21.1254326],[55.7961996,-21.1254537],[55.7962113,-21.1255112],[55.7961911,-21.1255455],[55.7961556,-21.1255543],[55.7960862,-21.1255337],[55.7960107,-21.1256143],[55.7959598,-21.1256191],[55.7959128,-21.1256125],[55.7959177,-21.1255886],[55.7957703,-21.1255527],[55.7957068,-21.1255253],[55.7956997,-21.1254876],[55.7956393,-21.1254606],[55.7955828,-21.1254651],[55.7955588,-21.1254309],[55.7954661,-21.1254446],[55.7954162,-21.1254115],[55.795399,-21.1253668],[55.7951524,-21.1252423],[55.7951134,-21.1252449],[55.79502,-21.125177],[55.7949452,-21.1251538],[55.7948574,-21.1251751],[55.7948122,-21.125157],[55.7947702,-21.1251371],[55.7947484,-21.1251182],[55.7946801,-21.1250799],[55.7945271,-21.1250368],[55.7944563,-21.1250875],[55.7944132,-21.1251212],[55.794361,-21.1251],[55.7943052,-21.1250592],[55.7943626,-21.125024],[55.7943009,-21.1249664],[55.7942412,-21.1250047],[55.7941707,-21.1250094],[55.7940809,-21.1249835],[55.7938639,-21.1248983],[55.7936495,-21.1247543],[55.7933424,-21.1246997],[55.7930796,-21.1247514],[55.7930056,-21.1248073],[55.7929754,-21.1248427],[55.7927008,-21.1248577],[55.7926576,-21.1249219],[55.7925762,-21.1249405],[55.7925696,-21.1249235],[55.7926222,-21.1248665],[55.792629,-21.1248394],[55.792521,-21.1247318],[55.7924091,-21.1247787],[55.7923559,-21.1247524],[55.7923598,-21.1247064],[55.7923674,-21.1246479],[55.7923861,-21.1246061],[55.7923936,-21.1245758],[55.792461,-21.1245141],[55.792457,-21.1244676],[55.7924172,-21.1244164],[55.7923521,-21.1244196],[55.7922033,-21.1245198],[55.7921711,-21.124567],[55.7921144,-21.1245879],[55.7920626,-21.1244888],[55.7919204,-21.1242632],[55.791871,-21.1242342],[55.7917852,-21.1242129],[55.7917144,-21.1242264],[55.7916454,-21.1242838],[55.7916427,-21.1243143],[55.7916753,-21.1244501],[55.7916762,-21.1245196],[55.7916691,-21.1245607],[55.7916255,-21.1246065],[55.7915685,-21.1246211],[55.7914967,-21.1246916],[55.7914107,-21.1247986],[55.7913045,-21.1247168],[55.7912797,-21.1246899],[55.7912947,-21.124651],[55.7912106,-21.1245499],[55.7910877,-21.1245771],[55.7909665,-21.1245611],[55.7908692,-21.1245329],[55.7906724,-21.1245791],[55.7906362,-21.1245924],[55.7906168,-21.1245876],[55.7904986,-21.1246212],[55.7903787,-21.1246332],[55.7903279,-21.1246376],[55.7903028,-21.1246384],[55.7902862,-21.1245712],[55.7902705,-21.1245518],[55.7902525,-21.1245484],[55.7901749,-21.1245692],[55.7900238,-21.1247007],[55.7900089,-21.1247096],[55.7899606,-21.1247132],[55.7899469,-21.1247156],[55.789851,-21.1247042],[55.7897977,-21.1247147],[55.7897741,-21.1247074],[55.7897015,-21.1246327],[55.7896341,-21.1246104],[55.7896387,-21.1246991],[55.7895898,-21.1247016],[55.7895581,-21.1246259],[55.7894933,-21.1245633],[55.7894719,-21.1245549],[55.7894623,-21.124566],[55.7894185,-21.1246396],[55.7893682,-21.1246977],[55.7894025,-21.1247706],[55.7894276,-21.1248695],[55.7893563,-21.1248639],[55.7893241,-21.1248217],[55.789305,-21.1248176],[55.7892737,-21.1248257],[55.7892531,-21.1248406],[55.7891801,-21.1249523],[55.7890837,-21.1249928],[55.7889202,-21.1249461],[55.7888774,-21.1249094],[55.7888137,-21.1248946],[55.7887828,-21.1249301],[55.7887539,-21.1249375],[55.7887401,-21.1249189],[55.7884783,-21.1248774],[55.7884051,-21.1249162],[55.7883783,-21.124904],[55.7883053,-21.1248984],[55.7882786,-21.124924],[55.7879439,-21.1248759],[55.7877621,-21.124863],[55.7875165,-21.1249277],[55.7867816,-21.1250117],[55.7865926,-21.124989],[55.7864054,-21.125061],[55.7863161,-21.1251811],[55.786305,-21.1253064],[55.786354,-21.1254259],[55.7865048,-21.1254933],[55.7866826,-21.1254684],[55.7868404,-21.1253504],[55.7868698,-21.1254595],[55.7869101,-21.1254546],[55.7868978,-21.125324],[55.7877447,-21.125157],[55.7878694,-21.1251895],[55.7878982,-21.1251243],[55.7883178,-21.1252684],[55.7882794,-21.1253466],[55.7882456,-21.125487],[55.7881768,-21.1255131],[55.7879065,-21.12543],[55.7878753,-21.1255051],[55.7878256,-21.1256243],[55.7868952,-21.1257904],[55.7868558,-21.1256499],[55.786819,-21.1256574],[55.7868444,-21.1258002],[55.7862358,-21.1257063],[55.7860614,-21.1256294],[55.7859179,-21.1256196],[55.7858039,-21.1255939],[55.785726,-21.1255763],[55.7855746,-21.1255261],[55.7854124,-21.1254838],[55.7852953,-21.1254534],[55.7851271,-21.1253947],[55.7846532,-21.125244],[55.7844919,-21.1251809],[55.7843336,-21.1251021],[55.7842911,-21.1250699],[55.7838696,-21.1248617],[55.7837517,-21.1248089],[55.7833617,-21.1246119],[55.7833129,-21.124599],[55.7831772,-21.1245417],[55.7831013,-21.1244978],[55.7830236,-21.124448],[55.7828888,-21.1243493],[55.7824267,-21.1239763],[55.7820062,-21.1237327],[55.7819823,-21.1236546],[55.7818606,-21.1235965],[55.7818077,-21.1235262],[55.7817198,-21.1234086],[55.7816969,-21.1233894],[55.781688,-21.1233669],[55.781623,-21.1232836],[55.7815913,-21.1232845],[55.7815329,-21.1232237],[55.7815435,-21.1231952],[55.7815283,-21.1231554],[55.7815276,-21.1231251],[55.7815295,-21.1230813],[55.7815155,-21.1230637],[55.7815001,-21.1229619],[55.7814563,-21.1229433],[55.7814518,-21.1228975],[55.781415,-21.1228805],[55.7813809,-21.122849],[55.7814097,-21.1228095],[55.7815404,-21.1227553],[55.7815045,-21.1227349],[55.7814957,-21.1227064],[55.781501,-21.1226704],[55.7814565,-21.1226789],[55.7814169,-21.1226305],[55.7813504,-21.1226099],[55.7813114,-21.1226234],[55.781293,-21.1225921],[55.7813035,-21.1225449],[55.7812699,-21.1225288],[55.7811917,-21.1225917],[55.781174,-21.1225646],[55.7812552,-21.1224855],[55.7812884,-21.1224224],[55.7812768,-21.1223946],[55.7812126,-21.1223911],[55.7811589,-21.1224397],[55.7810211,-21.1225557],[55.7808851,-21.1226177],[55.7808242,-21.1225953],[55.7809094,-21.1225015],[55.7809134,-21.122439],[55.7808481,-21.1224612],[55.7808362,-21.1224352],[55.7809065,-21.1223949],[55.7809423,-21.1223303],[55.7809465,-21.1223054],[55.7809309,-21.1222779],[55.7808952,-21.1222758],[55.7808667,-21.1222943],[55.7808484,-21.1223264],[55.7808191,-21.1223425],[55.7807922,-21.1223285],[55.7807788,-21.1223011],[55.7808385,-21.1222144],[55.7808395,-21.1221959],[55.780808,-21.1221773],[55.7807619,-21.1221779],[55.7807137,-21.1222136],[55.780675,-21.1222201],[55.7806412,-21.1221931],[55.7806061,-21.1221464],[55.7806225,-21.1220974],[55.7805952,-21.1220688],[55.7805794,-21.1220751],[55.7805323,-21.1221331],[55.7804892,-21.1221029],[55.7805635,-21.1219948],[55.7806268,-21.1218592],[55.7805878,-21.1218288],[55.7805204,-21.1218443],[55.7805037,-21.1217865],[55.7804223,-21.121792],[55.7803822,-21.1217832],[55.7803913,-21.1217518],[55.7804759,-21.1216895],[55.7804622,-21.1216582],[55.7803769,-21.1216647],[55.7803095,-21.1216866],[55.780267,-21.121709],[55.7801823,-21.1218193],[55.7801545,-21.1218418],[55.7800907,-21.1218392],[55.7800448,-21.1218091],[55.7799925,-21.1217378],[55.7799342,-21.1216433],[55.7798792,-21.1215576],[55.7793447,-21.1206713],[55.779106,-21.120276],[55.7789424,-21.1200408],[55.7786956,-21.119688],[55.7782987,-21.1189774],[55.7781485,-21.1186522],[55.778017,-21.1183244],[55.7778749,-21.117919],[55.7772553,-21.1165829],[55.7770675,-21.1162727],[55.7767886,-21.1159649],[55.7766625,-21.1158035],[55.7765043,-21.1155621],[55.7763836,-21.1153444],[55.776279,-21.1151367],[55.7761905,-21.1149616],[55.7760081,-21.1145988],[55.7752785,-21.1132126],[55.7750532,-21.1128322],[55.774793,-21.112507],[55.7745409,-21.1121817],[55.774321,-21.1117513],[55.7741708,-21.1114986],[55.7739857,-21.1112233],[55.7738194,-21.1109631],[55.773578,-21.1104852],[55.7733366,-21.1100348],[55.7730107,-21.1094543],[55.7729088,-21.1092303],[55.772873,-21.109164],[55.7727867,-21.1090094],[55.7726671,-21.1087986],[55.7725145,-21.1085572],[55.7723207,-21.1082553],[55.77162,-21.1072748],[55.7714631,-21.1070947],[55.7712565,-21.106887],[55.7707536,-21.1063915],[55.7705109,-21.1061213],[55.7703701,-21.1059611],[55.770185,-21.1057647],[55.7700723,-21.1056496],[55.7699932,-21.1055583],[55.7696888,-21.1051854],[55.7692194,-21.1047413],[55.7690236,-21.1045899],[55.7687876,-21.104456],[55.7681921,-21.1040994],[55.7673419,-21.1036207],[55.7662052,-21.102801],[55.7651258,-21.1022366],[55.7632045,-21.1007195],[55.7623792,-21.0999945],[55.7617558,-21.0992252],[55.7613291,-21.098512],[55.7608765,-21.0977557],[55.7606277,-21.097096],[55.7600918,-21.0955474],[55.7585769,-21.0925472],[55.7573495,-21.0906093],[55.7560621,-21.0888795],[55.7554441,-21.0882068],[55.7535129,-21.0862849],[55.7529721,-21.0857243],[55.7526546,-21.0852197],[55.7523619,-21.0849344],[55.7516246,-21.0838823],[55.750792,-21.0833217],[55.7502081,-21.0828732],[55.7496248,-21.0824969],[55.7480455,-21.0815358],[55.7470155,-21.0805508],[55.7458258,-21.0792221],[55.7444651,-21.0779246],[55.7438569,-21.0772352],[55.7430673,-21.0764663],[55.7423291,-21.0755533],[55.7420202,-21.0750743],[55.7405267,-21.0730064],[55.7400804,-21.0725419],[55.739375,-21.0718624],[55.7388788,-21.0713085],[55.7381094,-21.0703304],[55.7376265,-21.0697809],[55.736982,-21.0688415],[55.7367772,-21.0684487],[55.736492,-21.0678547],[55.7360611,-21.0668167],[55.7357781,-21.0663338],[55.735112,-21.0655012],[55.7336632,-21.0636694],[55.7326807,-21.0623372],[55.7317119,-21.0604157],[55.7311368,-21.0586695],[55.731051,-21.0571076],[55.7310853,-21.0552893],[55.7313651,-21.0538444],[55.7317481,-21.0524955],[55.7322144,-21.05118],[55.7325308,-21.0506138],[55.7325974,-21.0500976],[55.7324642,-21.0494981],[55.7319313,-21.0488153],[55.7313818,-21.0482825],[55.7309988,-21.0480327],[55.7303327,-21.0478328],[55.7297635,-21.0477357],[55.7294374,-21.0473111],[55.7290338,-21.0469836],[55.7287507,-21.0466838],[55.7284509,-21.0463841],[55.7280513,-21.0462009],[55.7274633,-21.0460295],[55.7270169,-21.0456129],[55.7265363,-21.0450922],[55.7262445,-21.0442912],[55.7261071,-21.0437304],[55.725678,-21.0432498],[55.7254892,-21.0427451],[55.7252145,-21.0420081],[55.7249055,-21.0414474],[55.7245462,-21.0408435],[55.7244366,-21.0406869],[55.7241676,-21.0397304],[55.7238573,-21.0389601],[55.7239716,-21.0387964],[55.7239253,-21.0387556],[55.7235708,-21.0392787],[55.7232894,-21.0393159],[55.7226112,-21.0388549],[55.7222728,-21.0382544],[55.7218156,-21.0376983],[55.7212405,-21.0365768],[55.7210565,-21.0361615],[55.7210337,-21.0356548],[55.7210088,-21.0354392],[55.7208574,-21.0351936],[55.7202535,-21.0348784],[55.7195497,-21.0340613],[55.7186202,-21.032894],[55.7181301,-21.0322022],[55.7180489,-21.0321088],[55.7179219,-21.0319627],[55.7176205,-21.0316327],[55.7171457,-21.0312268],[55.7165077,-21.0308476],[55.7159613,-21.030644],[55.7155859,-21.0304995],[55.7151539,-21.0301088],[55.713014,-21.0291987],[55.7112489,-21.0287823],[55.7096336,-21.028366],[55.7085179,-21.027983],[55.7078351,-21.0274501],[55.7074308,-21.0268186],[55.7068526,-21.0259015],[55.7059201,-21.0238032],[55.7053705,-21.0222545],[55.7049709,-21.021272],[55.7049284,-21.0207763],[55.7049043,-21.0205393],[55.7051707,-21.0201397],[55.7052273,-21.019856],[55.7051563,-21.019497],[55.7039551,-21.0185077],[55.7034199,-21.0184543],[55.7027084,-21.0173824],[55.7020316,-21.0144453],[55.7018274,-21.0116779],[55.7013277,-21.0089325],[55.7011588,-21.0069657],[55.7010833,-21.0061752],[55.7009881,-21.0056905],[55.7009455,-21.0054732],[55.7008987,-21.0049482],[55.7009021,-21.0046434],[55.7009,-21.0044633],[55.7010076,-21.0029043],[55.7010242,-21.0011391],[55.7009576,-20.9980085],[55.7009576,-20.9978561],[55.7009576,-20.9958769],[55.7009576,-20.993812],[55.7009077,-20.9923799],[55.7007078,-20.9909478],[55.7006079,-20.9892992],[55.7006079,-20.9884],[55.7003748,-20.9867347],[55.7001523,-20.986405],[55.7001655,-20.9862051],[55.7001559,-20.9861324],[55.7001404,-20.9860775],[55.7001408,-20.9860406],[55.7001367,-20.9856893],[55.7001726,-20.9852926],[55.7006233,-20.9817126],[55.7006434,-20.9814433],[55.7006367,-20.9811679],[55.7006863,-20.9806745],[55.7007131,-20.9804191],[55.7007185,-20.9801736],[55.7007024,-20.9798906],[55.7007024,-20.9795901],[55.7006997,-20.9792345],[55.7007024,-20.9788638],[55.7007211,-20.9786459],[55.7007372,-20.9784556],[55.7007587,-20.9782002],[55.7008016,-20.9778445],[55.7006767,-20.9774153],[55.7004985,-20.9770542],[55.7003876,-20.9769007],[55.7000077,-20.9762216],[55.6997663,-20.9757358],[55.6995839,-20.9752299],[55.6995437,-20.9750333],[55.6995074,-20.9748805],[55.6994806,-20.9747866],[55.6994404,-20.9746839],[55.6993799,-20.9744557],[55.6994899,-20.974033],[55.6994755,-20.9732795],[55.6994422,-20.9726633],[55.6989926,-20.9712978],[55.6985263,-20.969899],[55.6984264,-20.9689331],[55.6983099,-20.9680173],[55.6979435,-20.9669681],[55.6972774,-20.965586],[55.6967778,-20.9645535],[55.696145,-20.9639873],[55.6955788,-20.9635044],[55.6946296,-20.9627051],[55.6939136,-20.9617226],[55.6933474,-20.9609399],[55.6929977,-20.9601906],[55.6924482,-20.9594912],[55.691882,-20.9587917],[55.6914823,-20.9582755],[55.6909994,-20.9574096],[55.6902833,-20.9562939],[55.6896505,-20.9551448],[55.6893175,-20.9544121],[55.6889844,-20.9537294],[55.6885681,-20.9532465],[55.6881185,-20.9522307],[55.6879686,-20.9515479],[55.6875856,-20.9505487],[55.6869861,-20.9498493],[55.6864033,-20.9492665],[55.6860702,-20.9489001],[55.6855707,-20.9481841],[55.6852876,-20.9478011],[55.6847713,-20.9470684],[55.684022,-20.9456862],[55.6836057,-20.9449701],[55.6833725,-20.9444872],[55.6827564,-20.9439044],[55.682007,-20.9431384],[55.6812244,-20.942772],[55.6801253,-20.9419061],[55.6767282,-20.9388753],[55.6761786,-20.9383591],[55.6755125,-20.9377763],[55.6742303,-20.9365773],[55.6738473,-20.936161],[55.6730313,-20.9355115],[55.672615,-20.9350619],[55.6718157,-20.9342626],[55.671285,-20.9336953],[55.6708498,-20.9332301],[55.6702004,-20.9325807],[55.669118,-20.9314816],[55.6679523,-20.9294167],[55.6673028,-20.9280012],[55.6666534,-20.9267356],[55.6658208,-20.9258364],[55.6651047,-20.9252369],[55.6648216,-20.9250537],[55.663635,-20.9245454],[55.6623239,-20.923946],[55.661208,-20.9232053],[55.6592097,-20.9218731],[55.658155,-20.9213018],[55.6575395,-20.9209792],[55.6557088,-20.9199549],[55.6552216,-20.9196736],[55.6526876,-20.9180569],[55.6521233,-20.9176543],[55.6518177,-20.9173296],[55.6471429,-20.9151845],[55.6455808,-20.9146634],[55.6418729,-20.9135008],[55.6406884,-20.9130198],[55.6400751,-20.9128596],[55.6389683,-20.9126804],[55.6361321,-20.9125237],[55.6329608,-20.911773],[55.63232,-20.9116167],[55.6314222,-20.9113694],[55.6311789,-20.9113236],[55.6307661,-20.9112066],[55.6304809,-20.9111006],[55.6299722,-20.910882],[55.6299371,-20.9108654],[55.629907,-20.9108614],[55.6293594,-20.9106935],[55.6293265,-20.9106833],[55.6292765,-20.9106852],[55.6289953,-20.9106958],[55.6286675,-20.9106701],[55.6286382,-20.9106678],[55.628561,-20.9106617],[55.6283682,-20.9106466],[55.6244491,-20.9106196],[55.6220417,-20.9109404],[55.6203895,-20.9105744],[55.6191917,-20.9100115],[55.6176016,-20.9089677],[55.6172391,-20.9088562],[55.6171946,-20.9088192],[55.6170912,-20.9087289],[55.6168743,-20.9085836],[55.6167363,-20.9084954],[55.6166006,-20.9083837],[55.6164488,-20.9082756],[55.6163486,-20.9082318],[55.6161457,-20.9081431],[55.6158868,-20.9080075],[55.6157058,-20.9079296],[55.6156379,-20.9078846],[55.6141496,-20.9074073],[55.6122785,-20.9065494],[55.6046223,-20.902474],[55.6042017,-20.9022415],[55.6036953,-20.9020009],[55.6032919,-20.9017443],[55.6027769,-20.9013755],[55.602116,-20.9009024],[55.6016525,-20.9004935],[55.6012234,-20.9001006],[55.6009401,-20.8997398],[55.600614,-20.8994351],[55.6003307,-20.8992827],[55.5999617,-20.8992105],[55.5996355,-20.8992105],[55.5992579,-20.8990582],[55.59876,-20.8988818],[55.598185,-20.8987375],[55.5976442,-20.8986172],[55.5972323,-20.8984889],[55.5967859,-20.8982724],[55.5963396,-20.8979517],[55.5959105,-20.897663],[55.5954298,-20.8974545],[55.5948633,-20.8970776],[55.5942539,-20.8968211],[55.5936102,-20.8965244],[55.5928206,-20.8961234],[55.5922283,-20.895947],[55.5915417,-20.895931],[55.5904774,-20.895915],[55.5894217,-20.8959631],[55.5887522,-20.8960994],[55.5883059,-20.8962357],[55.5878252,-20.8964923],[55.5873875,-20.8966687],[55.5869497,-20.8969012],[55.5863918,-20.8971498],[55.5859026,-20.8972941],[55.5854477,-20.8973904],[55.585113,-20.8975427],[55.5846309,-20.897526],[55.5841969,-20.8975655],[55.5837912,-20.8976099],[55.5832848,-20.897679],[55.5824179,-20.8975988],[55.5818249,-20.8975067],[55.5813021,-20.8973743],[55.5808214,-20.89723],[55.5805554,-20.89723],[55.5800575,-20.8970857],[55.579431,-20.896797],[55.5788216,-20.8965244],[55.5782379,-20.8962437],[55.5775599,-20.8958909],[55.5767874,-20.895482],[55.5762724,-20.8951532],[55.5757918,-20.8948485],[55.5751806,-20.8945104],[55.5751394,-20.8944876],[55.574633,-20.894199],[55.5742125,-20.8938221],[55.5738691,-20.8936216],[55.5736031,-20.8935414],[55.5730795,-20.8933891],[55.5725302,-20.8931886],[55.5719294,-20.8930924],[55.5710882,-20.892932],[55.5705132,-20.8928117],[55.5699896,-20.8927716],[55.5691485,-20.8930202],[55.5683846,-20.8931646],[55.5679211,-20.8930844],[55.5673975,-20.8929561],[55.5668482,-20.8927476],[55.566213,-20.8925632],[55.5654749,-20.8923226],[55.5649256,-20.8921221],[55.5645479,-20.8920179],[55.5640158,-20.89205],[55.563518,-20.8919056],[55.5630287,-20.8919938],[55.5625223,-20.892066],[55.562076,-20.8921943],[55.5615696,-20.8923146],[55.5611405,-20.8922825],[55.5607027,-20.8921622],[55.5601448,-20.8919938],[55.5595526,-20.8917533],[55.5591578,-20.8916169],[55.5588574,-20.8915368],[55.5585398,-20.8915528],[55.558145,-20.891649],[55.5576557,-20.891633],[55.5571236,-20.8917292],[55.5567459,-20.8918735],[55.5564026,-20.892082],[55.556054,-20.8922221],[55.5555615,-20.8924028],[55.5551323,-20.8925792],[55.5547772,-20.8928498],[55.5546596,-20.8929822],[55.5545315,-20.8931245],[55.5542139,-20.8933811],[55.5537848,-20.8937018],[55.553244,-20.8938622],[55.5528149,-20.8940386],[55.552154,-20.8945197],[55.5514676,-20.8951389],[55.5512356,-20.8954018],[55.5507807,-20.8955621],[55.5505682,-20.8955621],[55.5502314,-20.8955621],[55.549519,-20.895482],[55.5485824,-20.8952352],[55.5483779,-20.89521],[55.5480599,-20.8952173],[55.547605,-20.8953537],[55.5466866,-20.8953216],[55.5463175,-20.8952574],[55.545545,-20.8950169],[55.5446266,-20.8948004],[55.5438027,-20.8946641],[55.5432508,-20.8946913],[55.5413808,-20.8946213],[55.5401963,-20.8943166],[55.5382995,-20.8935628],[55.5384025,-20.8928171],[55.5382222,-20.892344],[55.5378016,-20.8917266],[55.5375567,-20.8914455],[55.5375074,-20.8914219],[55.5374507,-20.8914226],[55.5373649,-20.891446],[55.537307,-20.8915053],[55.537303,-20.8915835],[55.5380162,-20.8927289],[55.5380351,-20.8928268],[55.5380336,-20.8929243],[55.5379973,-20.8929666],[55.5379338,-20.8930034],[55.5378476,-20.8930147],[55.5371611,-20.892807],[55.5370666,-20.892783],[55.5370273,-20.8927816],[55.5369842,-20.8927865],[55.5369759,-20.8928098],[55.5369237,-20.8928077],[55.536895,-20.8928395],[55.536892,-20.8928819],[55.5369275,-20.8929158],[55.5371188,-20.8929144],[55.5380426,-20.8932133],[55.5378735,-20.8936757],[55.5366686,-20.8933114],[55.5367631,-20.8930817],[55.5365232,-20.893031],[55.5363009,-20.8929838],[55.5360101,-20.8929223],[55.5357215,-20.8928612],[55.5354756,-20.8928091],[55.5356816,-20.891919],[55.5359278,-20.8919671],[55.5362161,-20.8920234],[55.5365697,-20.8920925],[55.5366258,-20.8921034],[55.5366,-20.8922157],[55.5367288,-20.8922558],[55.5368146,-20.8921997],[55.537012,-20.8924883],[55.5371322,-20.8924964],[55.5372523,-20.8923921],[55.5372352,-20.8922478],[55.536806,-20.8916063],[55.536394,-20.8913657],[55.534785,-20.8910287],[55.5299479,-20.8900426],[55.5283525,-20.8897021],[55.5274675,-20.8895297],[55.5265079,-20.8893989],[55.5253824,-20.8892243],[55.5246679,-20.8891174],[55.5242943,-20.8890433],[55.5237876,-20.888884],[55.5234163,-20.8888142],[55.5229283,-20.8887006],[55.5225337,-20.8885786],[55.5220647,-20.8884989],[55.5211516,-20.8883402],[55.5209038,-20.888274],[55.5203094,-20.8882063],[55.5191936,-20.8879256],[55.5187166,-20.8877218],[55.5184382,-20.887661],[55.5176159,-20.8874209],[55.516919,-20.8871237],[55.516809,-20.8870836],[55.5165294,-20.8870473],[55.5155349,-20.8864521],[55.5154676,-20.8864355],[55.5150606,-20.8862371],[55.5149438,-20.8862603],[55.5142537,-20.8857941],[55.5141581,-20.8856982],[55.5138219,-20.8855593],[55.5137299,-20.885556],[55.5130044,-20.8850798],[55.5128168,-20.8850368],[55.5125089,-20.8848021],[55.5122364,-20.8846136],[55.5114259,-20.8842366],[55.511033,-20.8840779],[55.5108101,-20.8840548],[55.5105552,-20.8839159],[55.5104349,-20.8839258],[55.5100456,-20.8837076],[55.5098474,-20.8837076],[55.5096209,-20.8835753],[55.5093873,-20.8835488],[55.5092033,-20.8834662],[55.5090758,-20.8834331],[55.5089449,-20.883357],[55.5087644,-20.8833372],[55.5082371,-20.8831851],[55.5079681,-20.8831157],[55.5077911,-20.8830462],[55.5074968,-20.8830308],[55.5072673,-20.882947],[55.5071293,-20.8829602],[55.5066267,-20.8828313],[55.5061242,-20.8826626],[55.5057809,-20.8825469],[55.5055083,-20.8824907],[55.5050624,-20.8824279],[55.5046766,-20.8824113],[55.50439,-20.8823981],[55.5042574,-20.8823903],[55.503848,-20.8823599],[55.5036271,-20.8823327],[55.5021586,-20.8822872],[55.501262,-20.8824051],[55.5008954,-20.8824706],[55.5005638,-20.8826015],[55.5003723,-20.88268],[55.4998096,-20.8828851],[55.4996648,-20.8828873],[55.4994267,-20.8829309],[55.4988756,-20.8830989],[55.4986398,-20.8831273],[55.4982288,-20.8832691],[55.4980303,-20.8833214],[55.4977058,-20.8833498],[55.4975914,-20.8834],[55.497496,-20.8834269],[55.4973722,-20.8834617],[55.4971717,-20.8835181],[55.497087,-20.8835483],[55.4969098,-20.8836301],[55.4968748,-20.8836463],[55.4966255,-20.8837615],[55.4963421,-20.8838385],[55.4959078,-20.8839563],[55.4956435,-20.8840493],[55.4954517,-20.8841057],[55.4949488,-20.8842322],[55.4946446,-20.8843337],[55.4943547,-20.8844214],[55.4941227,-20.8845067],[55.4940301,-20.8845455],[55.4939389,-20.8845881],[55.4937699,-20.884632],[55.4936479,-20.8846746],[55.4934508,-20.884736],[55.4931879,-20.8848387],[55.4928607,-20.884949],[55.4924315,-20.8850893],[55.49228,-20.8851595],[55.4920788,-20.8852259],[55.4919492,-20.8852625],[55.4918173,-20.8852998],[55.4913533,-20.8854689],[55.4906951,-20.8856682],[55.4903756,-20.8857208],[55.4900604,-20.8857834],[55.4894328,-20.8858712],[55.4889835,-20.8858774],[55.4884028,-20.8858962],[55.4872817,-20.8858649],[55.4870278,-20.8858544],[55.4866473,-20.8858386],[55.4862584,-20.8858386],[55.4855812,-20.8858513],[55.4850085,-20.885806],[55.4844493,-20.8857446],[55.4841717,-20.8857383],[55.4840469,-20.8857421],[55.483894,-20.8857396],[55.4833522,-20.8856757],[55.4832248,-20.8856632],[55.4831243,-20.8856381],[55.4829861,-20.8856281],[55.4828869,-20.8856168],[55.4827823,-20.8856005],[55.482679,-20.885588],[55.482506,-20.8855391],[55.482262,-20.8854955],[55.4820854,-20.885453],[55.481877,-20.885385],[55.4816604,-20.8853091],[55.4814412,-20.8852221],[55.4812669,-20.8851192],[55.4810563,-20.8850241],[55.4809517,-20.8849615],[55.4808122,-20.8848863],[55.4806781,-20.8848525],[55.4805332,-20.8848237],[55.4804152,-20.8847961],[55.4802995,-20.8847779],[55.4802315,-20.884772],[55.4801278,-20.8847663],[55.479923,-20.884761],[55.4797438,-20.8847663],[55.4796092,-20.884761],[55.4794697,-20.8847948],[55.4793356,-20.884845],[55.4791827,-20.8848813],[55.4789641,-20.8849239],[55.4787308,-20.8849953],[55.47848,-20.8850404],[55.4781256,-20.8851088],[55.4778698,-20.8851319],[55.4775681,-20.8851281],[55.4771979,-20.8851294],[55.4767849,-20.8851081],[55.4763637,-20.8850793],[55.4760696,-20.8850383],[55.4757696,-20.8849953],[55.4755215,-20.8849765],[55.4753217,-20.8849652],[55.4751044,-20.8849452],[55.4748067,-20.8849114],[55.4745318,-20.884865],[55.474273,-20.8848061],[55.4739752,-20.8847272],[55.4736789,-20.8846207],[55.4733181,-20.884439],[55.4731894,-20.8843651],[55.4730596,-20.8843044],[55.4729614,-20.884278],[55.4729131,-20.8842548],[55.472834,-20.8842611],[55.4718617,-20.8844465],[55.4716042,-20.8844703],[55.4713252,-20.8844979],[55.4711924,-20.8845029],[55.4709181,-20.8844897],[55.4706292,-20.8844716],[55.4696696,-20.8840144],[55.46934,-20.8838862],[55.46919,-20.8838461],[55.4691133,-20.8838162],[55.4690262,-20.8837696],[55.4687228,-20.8836971],[55.4684758,-20.8835779],[55.4679011,-20.8834108],[55.467575,-20.8832703],[55.4672876,-20.8831465],[55.4668839,-20.8829858],[55.4665469,-20.8828435],[55.4657729,-20.8824056],[55.4654042,-20.882207],[55.4652393,-20.8820837],[55.4649722,-20.8819151],[55.464833,-20.8818398],[55.4639421,-20.8811412],[55.4638578,-20.8810853],[55.4638029,-20.8810214],[55.4633764,-20.8806659],[55.4632595,-20.8805886],[55.4628792,-20.8804335],[55.462083,-20.8799839],[55.4617046,-20.8797954],[55.4615171,-20.8796805],[55.4613282,-20.879593],[55.461209,-20.8795153],[55.4609765,-20.8794366],[55.4607528,-20.8792981],[55.4606193,-20.8792293],[55.4602061,-20.8789768],[55.4600917,-20.8789266],[55.4590804,-20.8782554],[55.4589346,-20.8781346],[55.4586897,-20.8779754],[55.4582565,-20.8776414],[55.4579099,-20.8773502],[55.4575498,-20.8770957],[55.4571294,-20.8767958],[55.4554128,-20.8751268],[55.4545545,-20.8743248],[55.4538077,-20.8734667],[55.452546,-20.8728251],[55.4519767,-20.8722649],[55.4513788,-20.8719178],[55.4509811,-20.8717913],[55.4505006,-20.8717411],[55.4503533,-20.871786],[55.4498585,-20.8717931],[55.4495572,-20.8717951],[55.4491894,-20.8718276],[55.4488663,-20.8718705],[55.4484228,-20.8719154],[55.4478726,-20.8720849],[55.4476537,-20.8721835],[55.4474214,-20.8723206],[55.4472514,-20.8724682],[55.4471057,-20.872655],[55.4469245,-20.8727962],[55.4467885,-20.8730697],[55.4465765,-20.8735044],[55.4458896,-20.8744507],[55.4457801,-20.8746266],[55.4456008,-20.8747953],[55.4454943,-20.8748996],[55.4453413,-20.8750003],[55.4451514,-20.8750932],[55.4449266,-20.8751703],[55.4447104,-20.875182],[55.4440891,-20.8751927],[55.4436242,-20.8752016],[55.4433801,-20.8752575],[55.443337,-20.8752679],[55.4431967,-20.8753016],[55.443061,-20.8753841],[55.4429741,-20.8754614],[55.4428346,-20.8755478],[55.4427555,-20.8756192],[55.4426381,-20.8756845],[55.4425277,-20.8757497],[55.4424168,-20.8757968],[55.4422794,-20.8758771],[55.4421735,-20.8759225],[55.4420997,-20.8759626],[55.441928,-20.8760215],[55.4417658,-20.8760766],[55.4416947,-20.8760891],[55.4415941,-20.8761317],[55.441582,-20.8761332],[55.4414908,-20.8761443],[55.4414238,-20.8761743],[55.4413085,-20.8761518],[55.4410509,-20.8761694],[55.4407345,-20.8762909],[55.4405695,-20.8763122],[55.4404528,-20.876346],[55.4402785,-20.8763598],[55.4401645,-20.8763886],[55.4399241,-20.8763853],[55.4393908,-20.8763608],[55.4382563,-20.8761402],[55.4370736,-20.8757201],[55.4363488,-20.8753426],[55.4354081,-20.8747695],[55.4344426,-20.874416],[55.43355,-20.874259],[55.4321205,-20.8742296],[55.4309875,-20.874125],[55.4297719,-20.8738832],[55.4281309,-20.8734811],[55.4279213,-20.8735531],[55.4278158,-20.8738082],[55.4277721,-20.8739606],[55.427768,-20.8739748],[55.4277407,-20.8740701],[55.4277876,-20.8742581],[55.4280169,-20.8744109],[55.4280563,-20.8744671],[55.4281551,-20.8746077],[55.4280478,-20.8746966],[55.4262429,-20.8742413],[55.4251356,-20.8741771],[55.424243,-20.8742894],[55.4238382,-20.8743216],[55.4236706,-20.8743349],[55.4229634,-20.8742313],[55.4216126,-20.8743043],[55.419442,-20.875032],[55.4185953,-20.8753159],[55.4171064,-20.8756251],[55.4155263,-20.876105],[55.4140511,-20.876649],[55.4132818,-20.8769966],[55.4106951,-20.8780538],[55.409729,-20.8783054],[55.4080556,-20.8785092],[55.4075446,-20.878524],[55.4068206,-20.8786577],[55.4053728,-20.8791634],[55.4047478,-20.8793977],[55.4039135,-20.8795827],[55.4023481,-20.8796779],[55.4018498,-20.8797106],[55.3981739,-20.8808914],[55.3974833,-20.8810883],[55.3973589,-20.88112],[55.3955814,-20.8815589],[55.3949506,-20.8818752],[55.3945316,-20.8821837],[55.3942838,-20.8825793],[55.393718,-20.883447],[55.3926739,-20.8846695],[55.3920363,-20.8853262],[55.391626,-20.8856862],[55.3910308,-20.8861486],[55.3905585,-20.8866104],[55.3901686,-20.8869632],[55.3894911,-20.8874284],[55.3888165,-20.8878538],[55.388182,-20.8882105],[55.3870279,-20.8889422],[55.386051,-20.8895459],[55.3858119,-20.8897682],[55.3852811,-20.8901323],[55.3846567,-20.8905215],[55.3842567,-20.8907203],[55.3838967,-20.8908446],[55.3836529,-20.8909667],[55.3833686,-20.8910614],[55.3830253,-20.8912006],[55.3822322,-20.8914168],[55.3816902,-20.8915572],[55.3816159,-20.8915898],[55.3813934,-20.8916874],[55.3812137,-20.8917125],[55.381093,-20.8916313],[55.381118,-20.8914317],[55.3812715,-20.8911612],[55.3812731,-20.8909462],[55.3810061,-20.8906298],[55.3808381,-20.8905543],[55.3806109,-20.8905855],[55.3795339,-20.8915073],[55.3783323,-20.8927048],[55.3778452,-20.8931863],[55.3771467,-20.8938113],[55.3767386,-20.8942006],[55.376547,-20.8944206],[55.3765345,-20.8946239],[55.3766232,-20.8947993],[55.3767595,-20.8949192],[55.3770498,-20.8951489],[55.3770351,-20.8951736],[55.3770106,-20.8951918],[55.3768793,-20.8950792],[55.3766561,-20.8952636],[55.3765763,-20.8951936],[55.3765613,-20.8951585],[55.3765394,-20.8951241],[55.3765191,-20.8951172],[55.3764727,-20.8951167],[55.376459,-20.8951385],[55.3764396,-20.8951743],[55.3763528,-20.8952834],[55.3763078,-20.8953041],[55.3762822,-20.8953556],[55.3762565,-20.895413],[55.3762435,-20.8954505],[55.3762008,-20.8954898],[55.3761495,-20.8955315],[55.3761003,-20.8955627],[55.3760663,-20.8955503],[55.3760131,-20.8955706],[55.3759472,-20.8955749],[55.3758938,-20.8955917],[55.3758293,-20.8956442],[55.3757908,-20.8957336],[55.3757605,-20.8958151],[55.3757238,-20.895816],[55.3756617,-20.8958329],[55.3756284,-20.8958801],[55.3756534,-20.8959548],[55.3756746,-20.8960065],[55.3756741,-20.8960492],[55.3756739,-20.8960806],[55.3756386,-20.896102],[55.3755961,-20.8961053],[55.3755411,-20.8960528],[55.3754974,-20.8959686],[55.3754419,-20.8958535],[55.3754224,-20.8958045],[55.3753968,-20.8957842],[55.3753727,-20.8957614],[55.375338,-20.8957457],[55.3752889,-20.8957167],[55.3751649,-20.8956741],[55.3750222,-20.8956259],[55.3748126,-20.8956567],[55.3746308,-20.8957446],[55.3744305,-20.8958425],[55.3742505,-20.895921],[55.3741464,-20.8959928],[55.3735795,-20.8962231],[55.373131,-20.8963982],[55.372553,-20.8965514],[55.37206,-20.8966631],[55.3711052,-20.8969716],[55.3699713,-20.8974213],[55.3693829,-20.8977243],[55.3687718,-20.8981127],[55.3681372,-20.898607],[55.3677401,-20.898962],[55.367657,-20.8990921],[55.3673196,-20.8995488],[55.367322,-20.8997146],[55.3674134,-20.8998126],[55.368039,-20.9002814],[55.3675659,-20.9008111],[55.3673688,-20.9010648],[55.3671349,-20.9015996],[55.3667102,-20.9020966],[55.3655377,-20.9032284],[55.3646688,-20.9041557],[55.3636946,-20.9052865],[55.3628003,-20.9060499],[55.3622809,-20.9064531],[55.361776,-20.9067781],[55.3607519,-20.9075016],[55.360078,-20.9079362],[55.3593867,-20.9082979],[55.357986,-20.9089845],[55.3572109,-20.9092797],[55.3564305,-20.9095734],[55.3556027,-20.9099096],[55.3548182,-20.9103538],[55.3542414,-20.910611],[55.3530431,-20.9111004],[55.3524527,-20.9113091],[55.3521802,-20.9114746],[55.3519361,-20.9117121],[55.3516348,-20.9120091],[55.3514379,-20.9123277],[55.3513915,-20.9125437],[55.3512468,-20.9127948],[55.3510168,-20.9132497],[55.35081,-20.9136803],[55.3507234,-20.9139945],[55.3505662,-20.9142282],[55.3500379,-20.9139744],[55.3498923,-20.9139774],[55.3497587,-20.9140879],[55.3496167,-20.9144064],[55.3489472,-20.915555],[55.3488048,-20.9157726],[55.3475446,-20.9176435],[55.3471597,-20.9181772],[55.3467832,-20.9186475],[55.3465525,-20.9188991],[55.3462991,-20.9192366],[55.3459646,-20.9196251],[55.3455279,-20.9201669],[55.3451916,-20.9204971],[55.3450764,-20.9205473],[55.3448707,-20.9207669],[55.3448485,-20.9207906],[55.344753,-20.9208814],[55.3446733,-20.9209501],[55.3446575,-20.9209722],[55.3443815,-20.921454],[55.344228,-20.9217664],[55.3440296,-20.921959],[55.3437511,-20.922148],[55.343657,-20.9221013],[55.3434318,-20.9222713],[55.3432604,-20.9223633],[55.3431659,-20.922414],[55.3427772,-20.9225229],[55.3423965,-20.922591],[55.3420892,-20.922683],[55.3418112,-20.922857],[55.3414957,-20.9230981],[55.3408538,-20.9235722],[55.3405421,-20.9237802],[55.340156,-20.9239627],[55.3396597,-20.9241427],[55.3385496,-20.9244524],[55.3380236,-20.9246792],[55.3376241,-20.9248515],[55.3374334,-20.9249638],[55.3369875,-20.9252296],[55.3365124,-20.9254648],[55.3360921,-20.925603],[55.3357103,-20.9256891],[55.3353686,-20.9258264],[55.3351092,-20.9258826],[55.3342449,-20.9260641],[55.333836,-20.9260994],[55.3337715,-20.9260872],[55.333625,-20.9261255],[55.333513,-20.9261861],[55.3334398,-20.9261901],[55.3332998,-20.9262203],[55.3332309,-20.9262465],[55.3332222,-20.926287],[55.3330564,-20.9263637],[55.333009,-20.9264122],[55.3328323,-20.9265334],[55.3327461,-20.9265677],[55.3325566,-20.9266889],[55.3322925,-20.9268221],[55.3321883,-20.9268302],[55.3320723,-20.9267583],[55.3319662,-20.9267733],[55.3315702,-20.9268901],[55.3316229,-20.9270135],[55.3319936,-20.9268258],[55.332075,-20.926827],[55.3321864,-20.9268664],[55.3321368,-20.9269816],[55.3320491,-20.9271856],[55.3319589,-20.9272467],[55.3319016,-20.9271405],[55.3319115,-20.9270937],[55.3318801,-20.9270643],[55.3318427,-20.927076],[55.3317893,-20.9271062],[55.331856,-20.9272166],[55.331822,-20.9273064],[55.3317054,-20.9273961],[55.3316908,-20.9273779],[55.331532,-20.9274337],[55.331448,-20.9274864],[55.331167,-20.9275693],[55.3310141,-20.9276055],[55.3308204,-20.9275793],[55.3306933,-20.927553],[55.3305882,-20.927557],[55.3303606,-20.9275658],[55.3292648,-20.9278686],[55.328661,-20.9279075],[55.328027,-20.927959],[55.3279761,-20.9279631],[55.3274357,-20.9280351],[55.3268514,-20.9282077],[55.3263961,-20.9283],[55.3253882,-20.9285812],[55.3253063,-20.9285943],[55.3246604,-20.9286977],[55.3238983,-20.9286414],[55.3221817,-20.9262321],[55.3218899,-20.926184],[55.3218201,-20.926347],[55.3217526,-20.9265047],[55.3220272,-20.9267612],[55.3221646,-20.9267853],[55.3232889,-20.9284769],[55.3231087,-20.9288216],[55.3228503,-20.9288296],[55.3226921,-20.9290726],[55.3233621,-20.9292886],[55.3241045,-20.9293394],[55.3250385,-20.9294033],[55.325046,-20.9309366],[55.3250593,-20.9336828],[55.3250658,-20.9350162],[55.3248955,-20.9353179],[55.322807,-20.9354065],[55.322336,-20.9352665],[55.322259,-20.9351588],[55.3216895,-20.9349238],[55.3216487,-20.9346267],[55.3214985,-20.934256],[55.3214052,-20.9341314],[55.3212469,-20.9339623],[55.3207667,-20.933535],[55.3200513,-20.9331183],[55.3198206,-20.9330106],[55.3194609,-20.9327578],[55.318987,-20.9327946],[55.3186658,-20.9328196],[55.3161602,-20.9330142],[55.3145635,-20.9331383],[55.3134416,-20.9332132],[55.3132745,-20.9331549],[55.3131665,-20.9330791],[55.3130977,-20.9329625],[55.3129545,-20.9317339],[55.3146728,-20.9315959],[55.3182652,-20.9313073],[55.3193855,-20.9312173],[55.3193834,-20.9310539],[55.319433,-20.9309406],[55.3194385,-20.9290604],[55.3194054,-20.9289625],[55.3193006,-20.9289007],[55.3192124,-20.9288698],[55.3189421,-20.9289264],[55.3187056,-20.9289338],[55.3190575,-20.927611],[55.3192034,-20.9275068],[55.3192675,-20.927345],[55.3192892,-20.9271861],[55.3192565,-20.9270771],[55.3191691,-20.9270018],[55.3189973,-20.9269947],[55.3188773,-20.9270659],[55.3185168,-20.928084],[55.3180447,-20.9283326],[55.3115731,-20.9288617],[55.3115335,-20.9288579],[55.310895,-20.9287975],[55.3107189,-20.9288801],[55.3106307,-20.9290295],[55.3106252,-20.929184],[55.3081742,-20.9293908],[55.3067521,-20.929293],[55.3053589,-20.9291503],[55.302876,-20.9288137],[55.3006726,-20.9281882],[55.296587,-20.9265929],[55.2924671,-20.9247891],[55.289952,-20.9234083],[55.2897131,-20.923327],[55.2894058,-20.9233043],[55.2891126,-20.9233469],[55.2888674,-20.9233896],[55.2884732,-20.9234897],[55.2882572,-20.9235273],[55.2878114,-20.9237353],[55.2875177,-20.923806],[55.2872963,-20.9238123],[55.2870718,-20.9238449],[55.2866274,-20.9240996],[55.2844497,-20.9253796],[55.2842114,-20.9255442],[55.2840333,-20.9257291],[55.28352,-20.9268396],[55.2834956,-20.9271728],[55.283789,-20.9286029],[55.2839697,-20.9292573],[55.284025,-20.9295969],[55.2840384,-20.9299472],[55.2840209,-20.9302677],[55.2839681,-20.9306187],[55.2837512,-20.9311025],[55.2836825,-20.9314312],[55.283642,-20.9317471],[55.283709,-20.932179],[55.2838884,-20.9326283],[55.28404,-20.9330558],[55.2840502,-20.9335173],[55.283781,-20.9339892],[55.2834843,-20.9343999],[55.2833171,-20.9348268],[55.2831625,-20.9356382],[55.2822578,-20.9358414],[55.2822813,-20.9359645],[55.2825352,-20.9359773],[55.2826069,-20.9359034],[55.2833347,-20.9358205],[55.2837914,-20.9359044],[55.2839661,-20.9358697],[55.2839882,-20.9357951],[55.2842559,-20.9356477],[55.2862917,-20.9358757],[55.286407,-20.935793],[55.2864495,-20.935321],[55.2863547,-20.9348097],[55.2862488,-20.9348047],[55.2858887,-20.9346926],[55.285892,-20.9346544],[55.2854582,-20.9345887],[55.2853931,-20.9350039],[55.2846368,-20.9349005],[55.2847608,-20.9341415],[55.2854488,-20.9342392],[55.2856285,-20.9341734],[55.2856667,-20.9339743],[55.2857734,-20.9339185],[55.2859725,-20.9328332],[55.2857143,-20.9327962],[55.2858431,-20.9326891],[55.2854796,-20.9323096],[55.2857693,-20.9305422],[55.2867068,-20.9305209],[55.2867651,-20.9305296],[55.2866773,-20.9310657],[55.2867316,-20.9310736],[55.2868201,-20.930539],[55.2872271,-20.930597],[55.2871399,-20.9311328],[55.2871969,-20.9311403],[55.2872841,-20.9306048],[55.2876931,-20.9306648],[55.2876053,-20.9312001],[55.287662,-20.9312079],[55.2877492,-20.9306732],[55.2881548,-20.9307346],[55.2880258,-20.9315326],[55.2865673,-20.9313244],[55.2864017,-20.9323177],[55.2865418,-20.932458],[55.2877684,-20.9326583],[55.2880722,-20.9327051],[55.2895584,-20.9329209],[55.2896999,-20.9330377],[55.2896352,-20.933557],[55.2895088,-20.9335921],[55.2880598,-20.9333531],[55.2879758,-20.933404],[55.2878615,-20.9341514],[55.2878612,-20.9341787],[55.2879006,-20.9342463],[55.2879292,-20.934253],[55.2879203,-20.9343241],[55.289506,-20.9345519],[55.2894248,-20.9350697],[55.2893415,-20.9351253],[55.2892116,-20.9350933],[55.2891671,-20.9350453],[55.2877997,-20.9348295],[55.2871948,-20.9347232],[55.2871106,-20.9348003],[55.2869118,-20.9358063],[55.2869408,-20.9358569],[55.2871836,-20.9359433],[55.2880096,-20.9365458],[55.2881676,-20.9369745],[55.2881746,-20.9371796],[55.2880257,-20.9378885],[55.2879204,-20.9380894],[55.2878006,-20.9380753],[55.2876236,-20.938799],[55.2874317,-20.93893],[55.2874135,-20.9389507],[55.2874156,-20.9389817],[55.287435,-20.938997],[55.2874678,-20.9389964],[55.2876708,-20.9388606],[55.2881135,-20.9389245],[55.2879925,-20.9396331],[55.2878312,-20.9405778],[55.2868769,-20.9404299],[55.2868927,-20.9403343],[55.2869867,-20.939767],[55.2870058,-20.9397661],[55.2870239,-20.9397598],[55.2870383,-20.9397454],[55.2870464,-20.9397276],[55.2870451,-20.9397119],[55.2870363,-20.9396916],[55.2870216,-20.939679],[55.2870025,-20.9396722],[55.28709,-20.9391586],[55.2871081,-20.9391564],[55.2871269,-20.9391486],[55.2871416,-20.9391361],[55.2871473,-20.9391201],[55.2871487,-20.939106],[55.2871426,-20.9390903],[55.2871272,-20.939075],[55.2871064,-20.9390644],[55.2871324,-20.9389112],[55.2873398,-20.9387659],[55.2873565,-20.9387409],[55.2873478,-20.9387115],[55.287325,-20.9386996],[55.2872975,-20.9387027],[55.2870709,-20.9388567],[55.2870394,-20.9388129],[55.286914,-20.9389031],[55.286717,-20.9388778],[55.2864333,-20.9405785],[55.2852997,-20.9404087],[55.2855851,-20.9387132],[55.285437,-20.9385075],[55.28487,-20.9384296],[55.2844609,-20.9384627],[55.2843152,-20.9384904],[55.284189,-20.9385318],[55.284154,-20.9386499],[55.2838682,-20.9402448],[55.2834929,-20.9401928],[55.2833492,-20.9409604],[55.2836479,-20.9410445],[55.2836448,-20.9411335],[55.2836974,-20.9411404],[55.2836238,-20.9416004],[55.2835501,-20.941647],[55.2832429,-20.9416528],[55.2832208,-20.9417516],[55.2830791,-20.9417341],[55.2830688,-20.9417903],[55.2832071,-20.9418133],[55.2831609,-20.9420907],[55.2831711,-20.9421867],[55.283372,-20.942519],[55.283451,-20.9426092],[55.2840137,-20.9427003],[55.2839295,-20.943174],[55.283854,-20.9436174],[55.2837938,-20.9439708],[55.2836701,-20.944321],[55.283562,-20.9444311],[55.2834591,-20.9444926],[55.2829657,-20.9447508],[55.2825325,-20.945231],[55.2824151,-20.9452923],[55.2822319,-20.9452851],[55.282053,-20.945201],[55.2820831,-20.9450111],[55.2821432,-20.9446452],[55.2822024,-20.9442792],[55.2822626,-20.9439126],[55.2823233,-20.9435471],[55.2823817,-20.9431805],[55.2824419,-20.9428144],[55.2825021,-20.9424463],[55.2825279,-20.9422884],[55.2826423,-20.9422986],[55.2826802,-20.9420493],[55.2824256,-20.9420195],[55.2824737,-20.9417257],[55.2828188,-20.9417678],[55.2829757,-20.9417862],[55.2829883,-20.9417144],[55.2828478,-20.941697],[55.2831203,-20.9401315],[55.2834515,-20.9382282],[55.2836494,-20.938104],[55.2836962,-20.9379369],[55.2841416,-20.9380406],[55.2846148,-20.9380885],[55.2846324,-20.9381905],[55.2847508,-20.9381676],[55.28481,-20.9380572],[55.2847823,-20.9379865],[55.2846862,-20.9379743],[55.284551,-20.9378135],[55.2833863,-20.9372229],[55.2830601,-20.9370466],[55.2824315,-20.9372198],[55.2814289,-20.9370492],[55.2813624,-20.9370876],[55.2813201,-20.9371488],[55.2813128,-20.9372004],[55.2814371,-20.937284],[55.2814385,-20.9377526],[55.281437,-20.9378167],[55.2816696,-20.9392912],[55.2816972,-20.9404582],[55.2814031,-20.9422028],[55.2813092,-20.9432191],[55.2810958,-20.9440629],[55.2807949,-20.944895],[55.2807895,-20.9453588],[55.2808839,-20.94584],[55.2808854,-20.9464896],[55.2805138,-20.9475461],[55.2803543,-20.9484162],[55.2801928,-20.9492004],[55.2800345,-20.9498547],[55.2797397,-20.9503396],[55.2791153,-20.951063],[55.2784099,-20.9518729],[55.2779565,-20.9525212],[55.2774785,-20.9531352],[55.2773561,-20.9535157],[55.2772502,-20.9541739],[55.2772218,-20.9545448],[55.2772392,-20.9576737],[55.2772401,-20.9578463],[55.2772929,-20.9581283],[55.2773927,-20.9587421],[55.2775496,-20.9594373],[55.2776559,-20.9599271],[55.278393,-20.9616432],[55.2791001,-20.9634691],[55.2798652,-20.9647577],[55.2802602,-20.9656817],[55.2804492,-20.9661745],[55.2809388,-20.9675574],[55.2811836,-20.9682896],[55.2814347,-20.968952],[55.2820245,-20.9707297],[55.2822196,-20.9716303],[55.282371,-20.9725308],[55.2825399,-20.97413],[55.2825932,-20.9749413],[55.2826278,-20.975805],[55.2826122,-20.9772534],[55.2825092,-20.9787018],[55.2822993,-20.9799939],[55.2819833,-20.9812743],[55.2816099,-20.9830894],[55.2811242,-20.9849046],[55.2809058,-20.9860746],[55.2807153,-20.9873111],[55.2807083,-20.9873568],[55.2805718,-20.988384],[55.2805624,-20.9884547],[55.2805065,-20.9889487],[55.2804786,-20.9891132],[55.2804406,-20.9893028],[55.2804304,-20.9894536],[55.280423,-20.9899805],[55.2804237,-20.9900481],[55.2804244,-20.9900932],[55.2803737,-20.99033],[55.2803056,-20.9905952],[55.2802147,-20.9910194],[55.2799533,-20.9925941],[55.2797818,-20.9933815],[55.2795694,-20.9941689],[55.2788828,-20.9962203],[55.277355,-20.9991291],[55.2770845,-20.9994748],[55.2768762,-20.9998369],[55.2766719,-21.0000538],[55.2759817,-21.0010602],[55.2756071,-21.0014713],[55.2748085,-21.0023963],[55.2745889,-21.0026824],[55.2743826,-21.0029686],[55.2742443,-21.00311],[55.2740139,-21.0033546],[55.2733621,-21.0040455],[55.2726858,-21.004706],[55.2723048,-21.0051049],[55.2715943,-21.0057815],[55.2705827,-21.0065622],[55.2703316,-21.0068094],[55.2700171,-21.0070613],[55.2696172,-21.0074788],[55.2692532,-21.0077821],[55.2692065,-21.0078211],[55.2690921,-21.0079164],[55.2680273,-21.0086851],[55.2676479,-21.0090378],[55.2673551,-21.0092308],[55.2667196,-21.0096302],[55.2662495,-21.0100528],[55.2657713,-21.0103687],[55.2653387,-21.0106914],[55.2650478,-21.010866],[55.2643488,-21.0113585],[55.2635407,-21.0119062],[55.2617673,-21.0129886],[55.2607532,-21.0135883],[55.2597104,-21.0141766],[55.2592633,-21.014387],[55.258773,-21.0146162],[55.2587227,-21.0146397],[55.2584171,-21.0148193],[55.2581583,-21.0150065],[55.2579089,-21.0151617],[55.2577152,-21.0152847],[55.2573753,-21.0154998],[55.2569859,-21.0157847],[55.256495,-21.0160584],[55.2561301,-21.016225],[55.2558143,-21.0163867],[55.2555274,-21.0165361],[55.2553788,-21.0165322],[55.2552217,-21.0166086],[55.2551613,-21.0165878],[55.2550126,-21.0165862],[55.2548911,-21.0165527],[55.2547498,-21.0165927],[55.2546843,-21.0166119],[55.254586,-21.0166554],[55.2544393,-21.0167214],[55.2542736,-21.0168472],[55.2539902,-21.0169701],[55.2538721,-21.0170696],[55.2534613,-21.0172252],[55.2529729,-21.0173409],[55.2527679,-21.0174189],[55.2526819,-21.0174732],[55.2523833,-21.0175464],[55.2522214,-21.0175941],[55.2519444,-21.0177778],[55.2517253,-21.0178087],[55.2514442,-21.0179165],[55.2513053,-21.0179409],[55.2511636,-21.0180685],[55.2509387,-21.0183327],[55.2503376,-21.0187111],[55.2497733,-21.018998],[55.2488112,-21.0194005],[55.2483302,-21.0195902],[55.2478492,-21.0197038],[55.2473209,-21.0199471],[55.2467599,-21.0200303],[55.2453276,-21.0199477],[55.2449544,-21.0198242],[55.2446792,-21.019617],[55.2441944,-21.019457],[55.2432115,-21.0195769],[55.2421644,-21.0192965],[55.24207,-21.0191363],[55.2419327,-21.0192244],[55.2410301,-21.019056],[55.2402874,-21.0190241],[55.2401366,-21.0190075],[55.2400017,-21.0190216],[55.2396126,-21.0190008],[55.2395066,-21.0190107],[55.2394446,-21.0189977],[55.2393676,-21.0189628],[55.2392745,-21.0188978],[55.2389826,-21.0188019],[55.2387584,-21.0186929],[55.2386474,-21.0186109],[55.2383913,-21.0183521],[55.2383253,-21.018332],[55.2382113,-21.018385],[55.2380672,-21.0183392],[55.2380413,-21.0183091],[55.2380121,-21.0182111],[55.2380052,-21.0181861],[55.2379773,-21.0181542],[55.2379502,-21.0181352],[55.2379261,-21.0181631],[55.2378902,-21.0181551],[55.2377201,-21.0180452],[55.2376601,-21.0179872],[55.2376232,-21.0179323],[55.2375841,-21.0178422],[55.23754,-21.0176122],[55.237506,-21.0175623],[55.237469,-21.0175584],[55.2374329,-21.0177853],[55.2374091,-21.0178163],[55.237373,-21.0178343],[55.237343,-21.0179204],[55.2373951,-21.0180913],[55.2373662,-21.0181783],[55.2373801,-21.0182323],[55.2374222,-21.0183073],[55.2374261,-21.0183473],[55.2374072,-21.0183643],[55.2373373,-21.0183884],[55.2372472,-21.0184184],[55.2371272,-21.0184304],[55.2370962,-21.0184174],[55.2370382,-21.0183204],[55.236994,-21.0181165],[55.2369851,-21.0180744],[55.2369561,-21.0180144],[55.236662,-21.0178716],[55.2365199,-21.0177315],[55.2363859,-21.0175705],[55.2363629,-21.0175816],[55.2363109,-21.0177326],[55.2363429,-21.0178125],[55.236451,-21.0179526],[55.2364821,-21.0180115],[55.2364731,-21.0180575],[55.2364631,-21.0181125],[55.2364781,-21.0181895],[55.2364372,-21.0182386],[55.236337,-21.0182776],[55.236204,-21.0182987],[55.2360941,-21.0183617],[55.236015,-21.0183717],[55.235904,-21.0183127],[55.235789,-21.0182918],[55.235695,-21.0182347],[55.23564,-21.0182017],[55.235521,-21.0181078],[55.2353919,-21.0179399],[55.2353139,-21.0178839],[55.235272,-21.0178659],[55.2352379,-21.0178679],[55.2351969,-21.0179289],[55.2351469,-21.0180609],[55.2350529,-21.0181639],[55.235023,-21.0181808],[55.2349339,-21.0182009],[55.2345619,-21.018464],[55.234535,-21.018471],[55.2344309,-21.018456],[55.234396,-21.018482],[55.2343721,-21.018601],[55.234354,-21.0186351],[55.2342169,-21.0187381],[55.2339912,-21.0190522],[55.2339681,-21.0190851],[55.2339361,-21.0191032],[55.233845,-21.0191072],[55.2337171,-21.0190582],[55.2337031,-21.0190753],[55.2336981,-21.0191323],[55.2337381,-21.0192242],[55.2335982,-21.0194603],[55.2335423,-21.0196192],[55.2334913,-21.0198353],[55.2334724,-21.0199942],[55.2334814,-21.0201452],[55.2335294,-21.0202323],[55.2336124,-21.0203382],[55.2336325,-21.0203912],[55.2336334,-21.0204472],[55.2336075,-21.0205132],[55.2335285,-21.0205592],[55.2335075,-21.0205571],[55.2334695,-21.0205322],[55.2334035,-21.0205142],[55.2333624,-21.0204482],[55.2333255,-21.0204483],[55.2332495,-21.0204103],[55.2332104,-21.0204203],[55.2331834,-21.0204584],[55.2331675,-21.0205873],[55.2331355,-21.0206053],[55.2330805,-21.0207003],[55.2330605,-21.0207583],[55.2329955,-21.0207464],[55.2329594,-21.0207523],[55.2329065,-21.0207725],[55.2328615,-21.0208114],[55.2327195,-21.0210245],[55.2327056,-21.0210805],[55.2327355,-21.0211344],[55.2329047,-21.0213083],[55.2329047,-21.0213263],[55.2327207,-21.0215125],[55.2326927,-21.0215165],[55.2325326,-21.0214625],[55.2324837,-21.0214565],[55.2324107,-21.0215485],[55.2323686,-21.0215586],[55.2323046,-21.0215185],[55.2322446,-21.0215175],[55.2322266,-21.0215295],[55.2322267,-21.0215606],[55.2322356,-21.0215846],[55.2322796,-21.021626],[55.2322107,-21.0216635],[55.2320856,-21.0216126],[55.2320516,-21.0216176],[55.2320287,-21.0216546],[55.2320997,-21.0217436],[55.2320927,-21.0217696],[55.2320037,-21.0218487],[55.2319647,-21.0218696],[55.2318657,-21.0218726],[55.2318477,-21.0218826],[55.2318317,-21.0219096],[55.2318357,-21.0219806],[55.2318048,-21.0220246],[55.2317287,-21.0220866],[55.2316337,-21.0221416],[55.2314687,-21.0222048],[55.2310298,-21.0223008],[55.2308218,-21.0224009],[55.2303208,-21.022708],[55.2296608,-21.0231861],[55.2295848,-21.0232082],[55.2295558,-21.0231962],[55.2295049,-21.0231383],[55.2294519,-21.0231302],[55.2294208,-21.0231512],[55.2294019,-21.0231772],[55.2293969,-21.0232232],[55.2294079,-21.0233472],[55.229397,-21.0234202],[55.229363,-21.0234853],[55.2287572,-21.0243364],[55.2283052,-21.0249235],[55.2281243,-21.0251785],[55.2273406,-21.0265067],[55.2271427,-21.0267148],[55.2270856,-21.0268297],[55.2270166,-21.0269048],[55.2269507,-21.0269338],[55.2268937,-21.0269188],[55.2267857,-21.0268208],[55.2265506,-21.0267299],[55.2264266,-21.0266259],[55.2263696,-21.026613],[55.2263665,-21.0266529],[55.2263966,-21.0267089],[55.2263745,-21.0267449],[55.2261595,-21.0265157],[55.2260927,-21.0264286],[55.2259617,-21.0263805],[55.2257554,-21.0264873],[55.225721,-21.0265378],[55.2253517,-21.0264466],[55.2252918,-21.0264477],[55.2252558,-21.0264764],[55.2252764,-21.0265543],[55.2253998,-21.0265946],[55.2254209,-21.026858],[55.2256056,-21.0269431],[55.2256314,-21.0269674],[55.2256674,-21.0270014],[55.2257518,-21.0271707],[55.2257337,-21.0272371],[55.2257458,-21.0273959],[55.2257313,-21.0275006],[55.2257418,-21.0275704],[55.2255928,-21.0278261],[55.2254708,-21.0279702],[55.2253657,-21.0280956],[55.2253088,-21.0281884],[55.2254081,-21.0284781],[55.225387,-21.0285711],[55.2253481,-21.0286792],[55.2252281,-21.0288532],[55.2251091,-21.0290002],[55.2248283,-21.0292793],[55.2245762,-21.0294983],[55.2244823,-21.0295901],[55.2244012,-21.0296693],[55.2241863,-21.0298974],[55.2237529,-21.0303892],[55.2233065,-21.0308956],[55.2230646,-21.0311577],[55.2226587,-21.0315138],[55.2225248,-21.0316004],[55.2222057,-21.0318069],[55.2220048,-21.0319089],[55.2219507,-21.0319179],[55.2219287,-21.0319099],[55.2218837,-21.031856],[55.2218375,-21.031829],[55.2217926,-21.031838],[55.2217606,-21.031864],[55.2217376,-21.031913],[55.2217426,-21.0319401],[55.2218017,-21.032034],[55.2217887,-21.032089],[55.2217657,-21.032113],[55.2217037,-21.032175],[55.2216317,-21.032221],[55.2214987,-21.032248],[55.2213118,-21.0324241],[55.2212208,-21.0324941],[55.2211877,-21.0325462],[55.2211638,-21.0326621],[55.2211229,-21.0327272],[55.2207769,-21.0330932],[55.220136,-21.0339633],[55.2199061,-21.0342495],[55.2190954,-21.0352056],[55.2189224,-21.0353937],[55.2187484,-21.0355496],[55.2184894,-21.0357457],[55.2182265,-21.0359038],[55.2181045,-21.0360259],[55.2179766,-21.0361809],[55.2179376,-21.0362038],[55.2179085,-21.0362148],[55.2178405,-21.0362109],[55.2177696,-21.0361889],[55.2176715,-21.036186],[55.2175485,-21.036218],[55.2174615,-21.0362599],[55.2174255,-21.036261],[55.2174095,-21.0362559],[55.2173646,-21.036196],[55.2173145,-21.0362071],[55.2171474,-21.0361321],[55.2169572,-21.0361151],[55.2168934,-21.0360989],[55.2169141,-21.0361858],[55.2169946,-21.0362871],[55.2170985,-21.03628],[55.2171625,-21.036315],[55.2171785,-21.036341],[55.2171745,-21.0363691],[55.2171445,-21.036427],[55.2170976,-21.0365181],[55.2170017,-21.036753],[55.2169027,-21.0370531],[55.2166629,-21.0379182],[55.2165611,-21.0380897],[55.2165185,-21.0385572],[55.2164268,-21.0390355]]]}}]}